{"stat.entityKilledBy.ellie":3,"stat.pickup.minecraft.bone":14,"stat.leaveGame":4,"stat.mineBlock.minecraft.cobblestone":17,"stat.killEntity.gorgon":1,"stat.mineBlock.iceandfire.chared_stone":1,"stat.mineBlock.minecraft.stained_glass_pane":5,"stat.swimOneCm":95903,"stat.pickup.zawa.worm":20,"stat.craftItem.zawa.bush_meat_cooked":1,"stat.climbOneCm":4716,"stat.useItem.minecraft.planks":1164,"stat.pickup.minecraft.porkchop":1,"stat.pickup.minecraft.sticky_piston":6,"stat.useItem.minecraft.dirt":811,"stat.useItem.chococraft.gysahl_green":6,"stat.useItem.minecraft.stone_slab2":76,"stat.pickup.minecraft.bow":1,"stat.pickup.minecraft.iron_boots":1,"stat.useItem.minecraft.water_bucket":103,"stat.pickup.minecraft.rotten_flesh":7,"stat.pickup.minecraft.sand":5,"stat.entityKilledBy.Spider":3,"stat.pickup.iceandfire.bestiary":2,"stat.craftItem.minecraft.stone_axe":3,"stat.pickup.iceandfire.chared_cobblestone":2,"stat.pickup.iceandfire.chain_link":1,"stat.craftItem.minecraft.stone_pickaxe":4,"stat.pickup.minecraft.cobblestone":268,"stat.drop.minecraft.splash_potion":5,"stat.mineBlock.minecraft.wooden_slab":2,"stat.mineBlock.minecraft.redstone_block":4,"stat.useItem.minecraft.stone_shovel":480,"stat.craftItem.minecraft.stone_sword":2,"stat.flyOneCm":396749,"stat.entityKilledBy.firedragon":1,"stat.mineBlock.minecraft.sand":2,"stat.pickup.minecraft.fish":1,"stat.drop.tombstone.gift":1,"stat.drop.minecraft.sand":2,"stat.useItem.minecraft.cooked_beef":1,"stat.craftItem.minecraft.wooden_slab":48,"stat.drop.minecraft.gold_ingot":40,"stat.pickup.minecraft.redstone":4,"stat.mineBlock.minecraft.iron_ore":16,"stat.timeSinceDeath":2782,"stat.craftItem.minecraft.wooden_pickaxe":1,"stat.useItem.minecraft.wooden_slab":6,"stat.pickup.ebwizardry.arcane_workbench":1,"stat.useItem.zawa.bird_meat":1,"stat.mineBlock.minecraft.vine":5,"stat.mineBlock.minecraft.sticky_piston":6,"stat.useItem.minecraft.oak_stairs":21,"stat.pickup.minecraft.stonebrick":22,"stat.pickup.minecraft.wooden_shovel":1,"stat.furnaceInteraction":51,"stat.killEntity.ZombieVillager":2,"stat.mineBlock.minecraft.coal_ore":6,"stat.killEntity.Creeper":4,"stat.pickup.minecraft.string":5,"stat.drop.minecraft.stone_slab":1,"stat.pickup.minecraft.furnace":2,"stat.pickup.tombstone.crafting_ingredient":3,"stat.entityKilledBy.Skeleton":1,"stat.craftItem.minecraft.stone_slab2":0,"stat.pickup.travellersbackpack.travellers_backpack":1,"stat.sprintOneCm":337230,"stat.mineBlock.minecraft.stone_slab":2,"stat.craftItem.minecraft.stick":24,"stat.useItem.minecraft.stone_slab":17,"stat.mineBlock.minecraft.crafting_table":9,"stat.useItem.minecraft.wooden_shovel":74,"stat.pickup.dynamictrees.oakseed":7,"stat.pickup.chococraft.gysahl_green_seeds":24,"stat.entityKilledBy.Creeper":1,"stat.mineBlock.minecraft.oak_stairs":2,"stat.deaths":33,"stat.mineBlock.minecraft.planks":101,"stat.mineBlock.iceandfire.chared_gravel":1,"stat.drop":88,"stat.playOneMinute":327748,"stat.craftItem.minecraft.wooden_shovel":2,"stat.drop.minecraft.string":3,"stat.useItem.iceandfire.chared_cobblestone":1,"stat.pickup.minecraft.slime_ball":2,"stat.killEntity.Zombie":7,"stat.pickup.zawa.care_guide":1,"stat.drop.minecraft.iron_ingot":20,"stat.mineBlock.minecraft.tallgrass":16,"stat.diveOneCm":176601,"stat.chestOpened":69,"stat.useItem.minecraft.splash_potion":2,"stat.entityKilledBy.seaserpent":1,"stat.useItem.minecraft.fish":1,"stat.useItem.minecraft.stone":13,"stat.pickup.minecraft.arrow":12,"stat.pickup.minecraft.stone_axe":2,"stat.pickup.minecraft.gold_nugget":60,"stat.craftItem.minecraft.coal":9,"stat.useItem.minecraft.rotten_flesh":4,"stat.pickup.minecraft.stone_brick_stairs":1,"stat.jump":3605,"stat.useItem.minecraft.sand":5,"stat.pickup.minecraft.iron_helmet":1,"stat.pickup.minecraft.coal":7,"stat.fallOneCm":90448,"stat.pickup.minecraft.iron_ingot":27,"stat.drop.minecraft.stone_sword":1,"stat.useItem.minecraft.stone_axe":168,"stat.pickup.minecraft.gunpowder":2,"stat.crouchOneCm":106732,"stat.pickup.iceandfire.chared_stone":2,"stat.pickup.minecraft.spider_eye":1,"stat.craftItem.minecraft.iron_ingot":15,"stat.craftItem.minecraft.torch":12,"stat.pickup.minecraft.dirt":1134,"stat.craftingTableInteraction":26,"stat.pickup.minecraft.iron_ore":16,"stat.boatOneCm":195581,"stat.useItem.minecraft.sapling":63,"stat.pickup.minecraft.repeater":2,"stat.mineBlock.minecraft.stone_stairs":2,"stat.damageTaken":-2147475746,"stat.pickup.minecraft.leather":2,"stat.drop.minecraft.bone":6,"stat.mineBlock.minecraft.furnace":1,"stat.useItem.minecraft.wooden_pickaxe":5,"stat.pickup.minecraft.dark_oak_fence":1,"stat.pickup.zawa.raw_frog_leg":1,"stat.drop.iceandfire.bestiary":1,"stat.pickup.minecraft.planks":170,"stat.pickup.minecraft.reeds":2,"stat.pickup.minecraft.iron_leggings":1,"stat.pickup.minecraft.bed":4,"tombstone:undead_killed":15,"stat.useItem.tombstone.grave_key":10,"stat.pickup.minecraft.wheat_seeds":3,"stat.drop.iceandfire.chain_link":1,"stat.pickup.minecraft.oak_stairs":3,"stat.entityKilledBy.Zombie":1,"stat.useItem.minecraft.stone_pickaxe":326,"stat.useItem.minecraft.stone_sword":132,"stat.damageDealt":6233,"stat.pickup.zawa.bush_meat_raw":1,"stat.sleepInBed":20,"stat.pickup.chococraft.gysahl_green":6,"stat.craftItem.minecraft.oak_stairs":20,"stat.mineBlock.minecraft.dirt":698,"stat.useItem.minecraft.crafting_table":2,"stat.craftItem.minecraft.stone_shovel":5,"stat.pickup.minecraft.boat":3,"stat.walkOneCm":1499459,"stat.useItem.minecraft.torch":14,"stat.playerKills":1,"stat.drop.tombstone.crafting_ingredient":2,"stat.pickup.minecraft.stick":25,"stat.pickup.minecraft.crafting_table":9,"stat.useItem.minecraft.cobblestone":495,"stat.craftItem.minecraft.crafting_table":5,"stat.craftItem.minecraft.boat":2,"stat.pickup.minecraft.redstone_block":4,"stat.pickup.minecraft.log":296,"stat.useItem.zawa.bush_meat_cooked":1,"stat.drop.minecraft.stonebrick":1,"stat.craftItem.minecraft.gold_ingot":21,"stat.pickup.minecraft.stone":14,"stat.craftItem.minecraft.iron_chestplate":1,"stat.pickup.minecraft.sapling":117,"stat.pickup.minecraft.cooked_beef":1,"stat.pickup.minecraft.gold_ingot":19,"stat.killEntity.Skeleton":5,"stat.mineBlock.iceandfire.goldpile":10,"stat.craftItem.minecraft.bucket":3,"stat.mineBlock.minecraft.stonebrick":3,"stat.craftItem.minecraft.planks":1132,"stat.useItem.minecraft.iron_sword":13,"stat.killEntity.Spider":5,"stat.mobKills":28,"stat.useItem.minecraft.stonebrick":16,"stat.mineBlock.minecraft.log":267,"stat.pickup.iceandfire.gorgon_head":1,"stat.useItem.minecraft.boat":4,"stat.mineBlock.minecraft.leaves":30,"stat.sneakTime":25661,"stat.mineBlock.minecraft.cobblestone_wall":3,"stat.drop.minecraft.stone_axe":1,"stat.drop.minecraft.arrow":4,"stat.pickup.minecraft.stone_slab":20,"stat.pickup.minecraft.yellow_flower":1,"stat.drop.zawa.care_guide":1,"stat.mineBlock.minecraft.stone":259}