{"stat.entityKilledBy.ellie":2,"stat.pickup.minecraft.bone":9,"stat.leaveGame":4,"stat.mineBlock.minecraft.cobblestone":3,"stat.killEntity.gorgon":1,"stat.mineBlock.iceandfire.chared_stone":1,"stat.mineBlock.minecraft.stained_glass_pane":5,"stat.swimOneCm":45604,"stat.pickup.zawa.worm":6,"stat.climbOneCm":4716,"stat.useItem.minecraft.planks":455,"stat.pickup.minecraft.sticky_piston":6,"stat.useItem.minecraft.dirt":127,"stat.useItem.minecraft.stone_slab2":34,"stat.pickup.minecraft.iron_boots":1,"stat.useItem.minecraft.water_bucket":10,"stat.pickup.minecraft.rotten_flesh":5,"stat.pickup.minecraft.sand":5,"stat.entityKilledBy.Spider":2,"stat.pickup.iceandfire.bestiary":2,"stat.craftItem.minecraft.stone_axe":1,"stat.pickup.iceandfire.chared_cobblestone":2,"stat.craftItem.minecraft.stone_pickaxe":2,"stat.pickup.minecraft.cobblestone":35,"stat.drop.minecraft.splash_potion":5,"stat.mineBlock.minecraft.wooden_slab":1,"stat.mineBlock.minecraft.redstone_block":4,"stat.useItem.minecraft.stone_shovel":22,"stat.craftItem.minecraft.stone_sword":2,"stat.flyOneCm":202162,"stat.entityKilledBy.firedragon":1,"stat.mineBlock.minecraft.sand":2,"stat.pickup.minecraft.fish":1,"stat.drop.tombstone.gift":1,"stat.drop.minecraft.sand":2,"stat.useItem.minecraft.cooked_beef":1,"stat.drop.minecraft.gold_ingot":40,"stat.pickup.minecraft.redstone":4,"stat.mineBlock.minecraft.iron_ore":16,"stat.timeSinceDeath":22142,"stat.craftItem.minecraft.wooden_pickaxe":1,"stat.pickup.ebwizardry.arcane_workbench":1,"stat.useItem.zawa.bird_meat":1,"stat.mineBlock.minecraft.vine":5,"stat.mineBlock.minecraft.sticky_piston":6,"stat.pickup.minecraft.stonebrick":22,"stat.furnaceInteraction":37,"stat.mineBlock.minecraft.coal_ore":4,"stat.pickup.minecraft.string":4,"stat.drop.minecraft.stone_slab":1,"stat.pickup.minecraft.furnace":2,"stat.pickup.tombstone.crafting_ingredient":3,"stat.craftItem.minecraft.stone_slab2":0,"stat.pickup.travellersbackpack.travellers_backpack":1,"stat.sprintOneCm":179635,"stat.mineBlock.minecraft.stone_slab":2,"stat.craftItem.minecraft.stick":16,"stat.useItem.minecraft.stone_slab":17,"stat.mineBlock.minecraft.crafting_table":6,"stat.useItem.minecraft.wooden_shovel":74,"stat.pickup.dynamictrees.oakseed":4,"stat.pickup.chococraft.gysahl_green_seeds":15,"stat.entityKilledBy.Creeper":1,"stat.deaths":19,"stat.mineBlock.minecraft.planks":32,"stat.mineBlock.iceandfire.chared_gravel":1,"stat.drop":83,"stat.playOneMinute":156748,"stat.craftItem.minecraft.wooden_shovel":2,"stat.drop.minecraft.string":1,"stat.useItem.iceandfire.chared_cobblestone":1,"stat.pickup.minecraft.slime_ball":2,"stat.killEntity.Zombie":3,"stat.pickup.zawa.care_guide":1,"stat.drop.minecraft.iron_ingot":20,"stat.mineBlock.minecraft.tallgrass":13,"stat.diveOneCm":47457,"stat.chestOpened":29,"stat.useItem.minecraft.splash_potion":2,"stat.useItem.minecraft.fish":1,"stat.useItem.minecraft.stone":13,"stat.pickup.minecraft.arrow":5,"stat.pickup.minecraft.gold_nugget":60,"stat.craftItem.minecraft.coal":9,"stat.useItem.minecraft.rotten_flesh":4,"stat.pickup.minecraft.stone_brick_stairs":1,"stat.jump":1847,"stat.useItem.minecraft.sand":5,"stat.pickup.minecraft.iron_helmet":1,"stat.pickup.minecraft.coal":3,"stat.fallOneCm":45866,"stat.pickup.minecraft.iron_ingot":27,"stat.drop.minecraft.stone_sword":1,"stat.useItem.minecraft.stone_axe":72,"stat.crouchOneCm":17008,"stat.pickup.iceandfire.chared_stone":2,"stat.craftItem.minecraft.iron_ingot":15,"stat.pickup.minecraft.dirt":170,"stat.craftingTableInteraction":15,"stat.pickup.minecraft.iron_ore":16,"stat.pickup.minecraft.repeater":2,"stat.mineBlock.minecraft.stone_stairs":2,"stat.damageTaken":-2147479362,"stat.drop.minecraft.bone":6,"stat.mineBlock.minecraft.furnace":1,"stat.useItem.minecraft.wooden_pickaxe":5,"stat.pickup.minecraft.dark_oak_fence":1,"stat.pickup.zawa.raw_frog_leg":1,"stat.drop.iceandfire.bestiary":1,"stat.pickup.minecraft.planks":64,"stat.pickup.minecraft.reeds":2,"stat.pickup.minecraft.iron_leggings":1,"stat.pickup.minecraft.bed":2,"tombstone:undead_killed":6,"stat.useItem.tombstone.grave_key":5,"stat.pickup.minecraft.wheat_seeds":3,"stat.useItem.minecraft.stone_pickaxe":98,"stat.useItem.minecraft.stone_sword":36,"stat.damageDealt":2241,"stat.sleepInBed":10,"stat.pickup.chococraft.gysahl_green":6,"stat.mineBlock.minecraft.dirt":153,"stat.useItem.minecraft.crafting_table":1,"stat.craftItem.minecraft.stone_shovel":2,"stat.walkOneCm":812415,"stat.useItem.minecraft.torch":6,"stat.playerKills":1,"stat.drop.tombstone.crafting_ingredient":2,"stat.pickup.minecraft.stick":17,"stat.pickup.minecraft.crafting_table":6,"stat.useItem.minecraft.cobblestone":12,"stat.craftItem.minecraft.crafting_table":4,"stat.pickup.minecraft.redstone_block":4,"stat.pickup.minecraft.log":161,"stat.drop.minecraft.stonebrick":1,"stat.craftItem.minecraft.gold_ingot":21,"stat.pickup.minecraft.stone":14,"stat.craftItem.minecraft.iron_chestplate":1,"stat.pickup.minecraft.sapling":70,"stat.pickup.minecraft.cooked_beef":1,"stat.pickup.minecraft.gold_ingot":19,"stat.killEntity.Skeleton":2,"stat.mineBlock.iceandfire.goldpile":10,"stat.craftItem.minecraft.bucket":1,"stat.mineBlock.minecraft.stonebrick":3,"stat.craftItem.minecraft.planks":504,"stat.killEntity.Spider":2,"stat.mobKills":7,"stat.useItem.minecraft.stonebrick":16,"stat.mineBlock.minecraft.log":145,"stat.pickup.iceandfire.gorgon_head":1,"stat.mineBlock.minecraft.leaves":19,"stat.sneakTime":4471,"stat.mineBlock.minecraft.cobblestone_wall":3,"stat.drop.minecraft.arrow":3,"stat.pickup.minecraft.stone_slab":20,"stat.drop.zawa.care_guide":1,"stat.mineBlock.minecraft.stone":45}