{"stat.craftItem.minecraft.acacia_boat":1,"stat.leaveGame":5,"stat.mineBlock.minecraft.sandstone":19,"stat.pickup.zawa.worm":22,"stat.craftItem.zawa.bush_meat_cooked":8,"stat.useItem.minecraft.planks":1181,"stat.mineBlock.minecraft.web":3,"stat.pickup.minecraft.porkchop":1,"stat.useItem.minecraft.water_bucket":107,"stat.pickup.minecraft.rotten_flesh":23,"stat.pickup.minecraft.sand":5,"stat.entityKilledBy.Spider":3,"stat.pickup.iceandfire.bestiary":2,"stat.craftItem.minecraft.stone_axe":3,"stat.pickup.iceandfire.chared_cobblestone":2,"stat.drop.minecraft.splash_potion":5,"stat.mineBlock.minecraft.wooden_slab":2,"stat.craftItem.minecraft.stone_sword":2,"stat.entityKilledBy.firedragon":6,"stat.mineBlock.minecraft.sand":3,"stat.drop.tombstone.gift":1,"stat.drop.minecraft.sand":2,"stat.drop.minecraft.gold_ingot":40,"stat.useItem.minecraft.iron_pickaxe":73,"stat.pickup.minecraft.stained_hardened_clay":5,"stat.craftItem.minecraft.wooden_pickaxe":1,"stat.craftItem.minecraft.bed":2,"stat.useItem.zawa.bird_meat":2,"stat.mineBlock.minecraft.vine":6,"stat.mineBlock.minecraft.sticky_piston":6,"stat.useItem.minecraft.oak_stairs":21,"stat.pickup.minecraft.wooden_shovel":1,"stat.furnaceInteraction":65,"stat.killEntity.ZombieVillager":2,"stat.drop.minecraft.stone_slab":1,"stat.pickup.minecraft.furnace":2,"stat.useItem.minecraft.cooked_mutton":3,"stat.pickup.travellersbackpack.travellers_backpack":1,"stat.mineBlock.minecraft.stained_hardened_clay":5,"stat.mineBlock.railcraft.abyssal_stone":2,"stat.killEntity.Husk":3,"stat.pickup.minecraft.emerald":18,"stat.pickup.dynamictrees.oakseed":7,"stat.mineBlock.minecraft.oak_stairs":3,"stat.deaths":65,"stat.mineBlock.iceandfire.chared_gravel":1,"stat.pickup.zawa.fur":1,"stat.playOneMinute":478078,"stat.craftItem.minecraft.wooden_shovel":2,"stat.drop.minecraft.string":3,"stat.mineBlock.minecraft.stone_pressure_plate":2,"stat.craftItem.minecraft.iron_pickaxe":1,"stat.pickup.zawa.care_guide":1,"stat.drop.minecraft.iron_ingot":20,"stat.mineBlock.minecraft.tallgrass":25,"stat.chestOpened":150,"stat.useItem.minecraft.splash_potion":2,"stat.useItem.minecraft.fish":1,"stat.useItem.minecraft.stone":13,"stat.pickup.minecraft.arrow":16,"stat.pickup.minecraft.gold_nugget":60,"stat.craftItem.minecraft.coal":9,"stat.fallOneCm":143034,"stat.drop.minecraft.stone_sword":1,"stat.crouchOneCm":108224,"stat.craftItem.minecraft.iron_ingot":15,"stat.craftItem.minecraft.chest":4,"stat.craftingTableInteraction":37,"stat.entityKilledBy.ebwizardry:evil_wizard":3,"stat.pickup.minecraft.repeater":2,"stat.mineBlock.minecraft.log2":8,"stat.pickup.minecraft.feather":1,"stat.drop.minecraft.bone":6,"stat.pickup.zawa.raw_frog_leg":1,"stat.drop.iceandfire.bestiary":1,"stat.pickup.minecraft.dye":7,"stat.pickup.minecraft.planks":193,"stat.pickup.minecraft.iron_leggings":1,"stat.pickup.minecraft.wheat_seeds":10,"stat.drop.iceandfire.chain_link":1,"stat.useItem.minecraft.stone_pickaxe":397,"stat.mineBlock.minecraft.glass":4,"stat.useItem.minecraft.stone_sword":132,"stat.pickup.zawa.bush_meat_raw":8,"stat.craftItem.minecraft.oak_stairs":20,"stat.drop.ebwizardry.smoke_bomb":1,"stat.mineBlock.minecraft.dirt":728,"stat.useItem.minecraft.torch":14,"stat.drop.tombstone.crafting_ingredient":2,"stat.mineBlock.railcraft.jaded_stone":15,"stat.mineBlock.railcraft.ore":4,"stat.pickup.minecraft.crafting_table":12,"stat.useItem.minecraft.cobblestone":496,"stat.craftItem.minecraft.crafting_table":7,"stat.craftItem.minecraft.boat":5,"stat.mineBlock.minecraft.emerald_ore":8,"stat.pickup.minecraft.redstone_block":4,"stat.pickup.minecraft.log":355,"stat.useItem.zawa.bush_meat_cooked":4,"stat.drop.minecraft.stonebrick":1,"stat.craftItem.minecraft.gold_ingot":21,"stat.pickup.minecraft.sapling":120,"stat.pickup.minecraft.apple":10,"stat.mineBlock.iceandfire.goldpile":10,"stat.craftItem.minecraft.bucket":3,"stat.craftItem.minecraft.planks":1220,"stat.useItem.minecraft.iron_sword":80,"stat.useItem.minecraft.acacia_boat":1,"stat.useItem.minecraft.stonebrick":16,"stat.mineBlock.minecraft.log":332,"stat.sneakTime":26103,"stat.mineBlock.minecraft.cobblestone_wall":3,"stat.killEntity.siren":1,"stat.pickup.railcraft.jaded_stone":17,"stat.pickup.minecraft.stone_slab":20,"stat.pickup.minecraft.yellow_flower":1,"stat.useItem.tombstone.tablet_of_assistance":1,"stat.entityKilledBy.ellie":3,"stat.pickup.minecraft.bone":18,"stat.pickup.minecraft.stone_pressure_plate":2,"stat.mineBlock.minecraft.cobblestone":20,"stat.killEntity.gorgon":1,"stat.pickup.minecraft.stone_pickaxe":1,"stat.mineBlock.iceandfire.chared_stone":1,"stat.useItem.minecraft.diamond_sword":124,"stat.mineBlock.ebwizardry.runestone_pedestal":1,"stat.mineBlock.minecraft.stained_glass_pane":5,"stat.swimOneCm":200140,"stat.climbOneCm":9823,"stat.pickup.minecraft.sticky_piston":6,"stat.useItem.minecraft.dirt":844,"stat.useItem.chococraft.gysahl_green":6,"stat.useItem.minecraft.stone_slab2":94,"stat.pickup.minecraft.bow":1,"stat.pickup.minecraft.iron_boots":1,"stat.pickup.zawa.bird_meat":2,"stat.pickup.iceandfire.chain_link":1,"stat.craftItem.minecraft.stone_pickaxe":4,"stat.pickup.minecraft.cobblestone":396,"stat.mineBlock.minecraft.redstone_block":4,"stat.drop.sexmod.allies_lamp":1,"stat.useItem.minecraft.stone_shovel":511,"stat.flyOneCm":805694,"stat.pickup.minecraft.sandstone":16,"stat.pickup.minecraft.fish":1,"stat.useItem.minecraft.cooked_beef":1,"stat.craftItem.minecraft.wooden_slab":48,"stat.pickup.minecraft.redstone":4,"stat.mineBlock.minecraft.iron_ore":16,"stat.timeSinceDeath":980,"stat.useItem.minecraft.wooden_slab":6,"stat.pickup.minecraft.mossy_cobblestone":1,"stat.pickup.ebwizardry.arcane_workbench":1,"stat.pickup.minecraft.stonebrick":24,"stat.pickup.ebwizardry.magic_crystal":4,"stat.mineBlock.minecraft.coal_ore":24,"stat.killEntity.Creeper":4,"stat.talkedToVillager":25,"stat.pickup.minecraft.string":7,"stat.pickup.tombstone.crafting_ingredient":9,"stat.entityKilledBy.Skeleton":4,"stat.craftItem.minecraft.stone_slab2":0,"stat.pickup.minecraft.sandstone_stairs":6,"stat.sprintOneCm":570260,"stat.mineBlock.minecraft.stone_slab":2,"stat.craftItem.minecraft.stick":48,"stat.craftItem.minecraft.wooden_axe":1,"stat.killEntity.ebwizardry:evil_wizard":2,"stat.useItem.minecraft.stone_slab":17,"stat.pickup.ebwizardry.runestone_pedestal":1,"stat.mineBlock.minecraft.crafting_table":12,"stat.useItem.minecraft.diamond_pickaxe":105,"stat.useItem.minecraft.wooden_shovel":74,"stat.pickup.chococraft.gysahl_green_seeds":56,"stat.entityKilledBy.Creeper":1,"stat.mineBlock.minecraft.planks":119,"stat.drop":93,"stat.useItem.iceandfire.chared_cobblestone":1,"stat.pickup.minecraft.slime_ball":2,"stat.mineBlock.minecraft.yellow_glazed_terracotta":1,"stat.craftItem.minecraft.diamond_pickaxe":1,"stat.killEntity.Zombie":28,"stat.pickup.minecraft.snowball":3,"stat.entityKilledBy.myrmex_royal":2,"stat.diveOneCm":257431,"stat.mineBlock.minecraft.mossy_cobblestone":1,"stat.entityKilledBy.seaserpent":5,"stat.craftItem.minecraft.cooked_porkchop":1,"stat.pickup.minecraft.stone_axe":2,"stat.useItem.minecraft.apple":7,"stat.useItem.minecraft.rotten_flesh":4,"stat.pickup.minecraft.stone_brick_stairs":1,"stat.craftItem.minecraft.diamond_sword":1,"stat.jump":5722,"stat.useItem.minecraft.sand":5,"stat.pickup.minecraft.iron_helmet":1,"stat.pickup.minecraft.coal":25,"stat.pickup.minecraft.iron_ingot":27,"stat.useItem.minecraft.stone_axe":192,"stat.pickup.minecraft.gunpowder":2,"stat.pickup.iceandfire.chared_stone":2,"stat.pickup.minecraft.spider_eye":1,"stat.craftItem.minecraft.torch":16,"stat.pickup.minecraft.dirt":1157,"stat.pickup.minecraft.iron_ore":16,"stat.entityKilledBy.siren":2,"stat.pickup.iceandfire.shiny_scales":5,"stat.boatOneCm":676476,"stat.useItem.minecraft.sapling":63,"stat.mineBlock.minecraft.stone_stairs":2,"stat.damageTaken":-2147466908,"stat.pickup.minecraft.leather":2,"stat.mineBlock.minecraft.furnace":1,"stat.useItem.minecraft.wooden_pickaxe":5,"stat.pickup.minecraft.dark_oak_fence":1,"stat.dispenserInspected":1,"stat.pickup.minecraft.prismarine_shard":2,"stat.mineBlock.minecraft.sandstone_stairs":8,"stat.pickup.minecraft.log2":3,"stat.pickup.minecraft.reeds":2,"stat.pickup.minecraft.prismarine_crystals":2,"stat.killEntity.CaveSpider":1,"stat.pickup.minecraft.bed":4,"tombstone:undead_killed":48,"stat.useItem.tombstone.grave_key":10,"stat.pickup.minecraft.oak_stairs":6,"stat.entityKilledBy.Zombie":3,"stat.damageDealt":15279,"stat.sleepInBed":21,"stat.pickup.chococraft.ability_fruit":5,"stat.pickup.chococraft.gysahl_green":20,"stat.drop.zawa.bush_meat_cooked":3,"stat.useItem.minecraft.crafting_table":2,"stat.craftItem.minecraft.stone_shovel":5,"stat.pickup.minecraft.boat":10,"stat.walkOneCm":1977862,"stat.playerKills":1,"stat.useItem.minecraft.chest":1,"stat.pickup.minecraft.stick":29,"stat.pickup.minecraft.tnt":11,"stat.pickup.minecraft.stone":14,"stat.craftItem.minecraft.iron_chestplate":1,"stat.pickup.minecraft.cooked_beef":6,"stat.pickup.minecraft.gold_ingot":27,"stat.killEntity.Skeleton":14,"stat.mineBlock.minecraft.tnt":12,"stat.mineBlock.minecraft.stonebrick":5,"stat.killEntity.Spider":7,"stat.mobKills":70,"stat.pickup.iceandfire.gorgon_head":1,"stat.useItem.minecraft.boat":14,"stat.pickup.minecraft.diamond":11,"stat.mineBlock.minecraft.leaves":31,"stat.pickup.minecraft.torch":12,"stat.drop.minecraft.stone_axe":1,"stat.drop.minecraft.arrow":4,"stat.drop.zawa.care_guide":1,"stat.mineBlock.minecraft.stone":385,"stat.useItem.minecraft.sandstone":8}