{"stat.pickup.minecraft.wooden_slab":15,"stat.mineBlock.iceandfire.chared_grass":1,"stat.leaveGame":3,"stat.mineBlock.ebwizardry.crystal_flower":3,"stat.pickup.zawa.worm":22,"stat.craftItem.zawa.bush_meat_cooked":1,"stat.useItem.minecraft.planks":13,"stat.mineBlock.minecraft.web":1,"stat.craftItem.opframe.opframe":1,"stat.pickup.iceandfire.stymphalian_bird_feather":6,"stat.pickup.minecraft.rotten_flesh":3,"stat.pickup.minecraft.sand":68,"stat.entityKilledBy.Spider":2,"stat.pickup.minecraft.splash_potion":5,"stat.craftItem.minecraft.stone_axe":2,"stat.pickup.minecraft.cobblestone_wall":7,"stat.mineBlock.minecraft.wooden_slab":14,"stat.craftItem.minecraft.stone_sword":1,"stat.entityKilledBy.firedragon":15,"stat.mineBlock.minecraft.sand":69,"stat.craftItem.minecraft.wooden_pickaxe":1,"stat.mineBlock.minecraft.vine":2,"stat.furnaceInteraction":15,"stat.mineBlock.minecraft.dark_oak_stairs":18,"stat.killEntity.ZombieVillager":1,"stat.pickup.iceandfire.manuscript":12,"stat.pickup.minecraft.beef":3,"stat.pickup.travellersbackpack.travellers_backpack":5,"stat.pickup.minecraft.skull":1,"stat.mineBlock.iceandfire.ash":5,"stat.pickup.tombstone.gift":1,"stat.pickup.minecraft.stone_stairs":2,"stat.pickup.dynamictrees.oakseed":3,"stat.deaths":32,"stat.pickup.zawa.fur":1,"stat.pickup.minecraft.egg":3,"stat.playOneMinute":221883,"stat.pickup.zawa.care_guide":1,"stat.mineBlock.minecraft.tallgrass":21,"stat.chestOpened":62,"stat.useItem.minecraft.splash_potion":3,"stat.mineBlock.minecraft.dark_oak_fence":4,"stat.pickup.minecraft.arrow":6,"stat.pickup.minecraft.waterlily":2,"stat.useItem.ebwizardry.crystal_flower":1,"stat.pickup.minecraft.gold_nugget":388,"stat.fallOneCm":47526,"stat.drop.travellersbackpack.travellers_backpack":1,"stat.crouchOneCm":17853,"stat.useItem.iceandfire.chared_gravel":1,"stat.mineBlock.minecraft.chest":3,"stat.craftItem.minecraft.chest":3,"stat.craftingTableInteraction":36,"stat.pickup.minecraft.wooden_pickaxe":1,"stat.pickup.minecraft.feather":3,"stat.craftItem.minecraft.wooden_sword":1,"stat.drop.iceandfire.bestiary":1,"stat.pickup.minecraft.planks":56,"stat.pickup.minecraft.iron_leggings":1,"stat.pickup.minecraft.wheat_seeds":12,"stat.useItem.minecraft.stone_pickaxe":773,"stat.useItem.minecraft.stone_sword":42,"stat.pickup.zawa.bush_meat_raw":3,"stat.mineBlock.minecraft.dirt":711,"stat.pickup.minecraft.iron_nugget":6,"stat.pickup.minecraft.crafting_table":6,"stat.useItem.minecraft.cobblestone":5,"stat.craftItem.minecraft.crafting_table":2,"stat.drop.iceandfire.stymphalian_bird_feather":6,"stat.craftItem.travellersbackpack.sleeping_bag_bottom":1,"stat.pickup.minecraft.log":87,"stat.useItem.zawa.bush_meat_cooked":1,"stat.craftItem.minecraft.gold_ingot":29,"stat.pickup.minecraft.chicken":3,"stat.pickup.minecraft.sapling":20,"stat.craftItem.iceandfire.bestiary":1,"stat.drop.minecraft.fish":1,"stat.mineBlock.iceandfire.goldpile":81,"stat.craftItem.minecraft.planks":320,"stat.useItem.minecraft.iron_sword":91,"stat.useItem.minecraft.stonebrick":2,"stat.mineBlock.minecraft.log":79,"stat.mineBlock.minecraft.waterlily":1,"stat.craftItem.minecraft.cooked_chicken":2,"stat.pickup.minecraft.red_flower":13,"stat.sneakTime":3975,"stat.pickup.minecraft.wool":12,"stat.mineBlock.minecraft.cobblestone_wall":9,"stat.killEntity.siren":1,"stat.pickup.minecraft.stone_slab":9,"stat.mineBlock.minecraft.jukebox":1,"stat.craftItem.travellersbackpack.backpack_tank":2,"stat.pickup.minecraft.chest":3,"stat.pickup.minecraft.bone":13,"stat.mineBlock.minecraft.cobblestone":3,"stat.killEntity.gorgon":1,"stat.swimOneCm":25830,"stat.climbOneCm":1750,"stat.useItem.chococraft.gysahl_green":8,"stat.useItem.minecraft.dirt":19,"stat.useItem.minecraft.stone_slab2":39,"stat.pickup.minecraft.iron_boots":1,"stat.pickup.zawa.bird_meat":1,"stat.craftItem.minecraft.furnace":2,"stat.craftItem.minecraft.stone_pickaxe":6,"stat.craftItem.minecraft.cooked_beef":3,"stat.pickup.minecraft.cobblestone":773,"stat.mineBlock.minecraft.carpet":3,"stat.useItem.minecraft.stone_shovel":710,"stat.flyOneCm":336771,"stat.useItem.iceandfire.chared_stone":14,"stat.pickup.minecraft.fish":1,"stat.useItem.minecraft.cooked_beef":4,"stat.mineBlock.minecraft.iron_ore":3,"stat.timeSinceDeath":38935,"stat.useItem.minecraft.wooden_slab":12,"stat.mineBlock.ebwizardry.arcane_workbench":2,"stat.pickup.ebwizardry.arcane_workbench":1,"stat.pickup.minecraft.dark_oak_door":2,"stat.pickup.minecraft.stonebrick":13,"stat.pickup.minecraft.carpet":7,"stat.mineBlock.minecraft.coal_ore":1,"stat.craftItem.minecraft.stone_hoe":1,"stat.pickup.minecraft.string":7,"stat.pickup.tombstone.crafting_ingredient":2,"stat.entityKilledBy.Skeleton":1,"stat.craftItem.minecraft.stone_slab2":0,"stat.sprintOneCm":286497,"stat.craftItem.minecraft.stick":48,"stat.useItem.minecraft.stone_slab":21,"stat.mineBlock.minecraft.crafting_table":6,"stat.pickup.chococraft.gysahl_green_seeds":29,"stat.mineBlock.minecraft.planks":35,"stat.drop":11,"stat.useItem.minecraft.wooden_sword":59,"stat.pickup.minecraft.jukebox":1,"stat.killEntity.Zombie":2,"stat.pickup.iceandfire.chared_dirt":1,"stat.diveOneCm":17288,"stat.drop.minecraft.cooked_beef":2,"stat.craftItem.travellersbackpack.travellers_backpack":1,"stat.jump":2653,"stat.pickup.minecraft.iron_helmet":2,"stat.pickup.minecraft.coal":1,"stat.pickup.minecraft.iron_ingot":19,"stat.useItem.minecraft.stone_axe":138,"stat.pickup.iceandfire.chared_gravel":2,"stat.pickup.minecraft.gunpowder":2,"stat.pickup.iceandfire.chared_stone":14,"stat.pickup.minecraft.spider_eye":4,"stat.pickup.minecraft.dirt":697,"stat.useItem.minecraft.cooked_chicken":2,"stat.pickup.minecraft.iron_ore":3,"stat.pickup.iceandfire.shiny_scales":1,"stat.mineBlock.minecraft.stone_stairs":1,"stat.damageTaken":6931,"stat.pickup.minecraft.leather":5,"stat.mineBlock.minecraft.torch":5,"stat.mineBlock.minecraft.red_flower":2,"stat.useItem.minecraft.wooden_pickaxe":44,"stat.pickup.minecraft.dark_oak_fence":2,"stat.pickup.minecraft.prismarine_shard":2,"stat.pickup.ebwizardry.crystal_flower":3,"stat.pickup.minecraft.prismarine_crystals":2,"stat.pickup.minecraft.bed":1,"stat.pickup.opframe.opframe":2,"tombstone:undead_killed":6,"stat.damageDealt":8295,"stat.pickup.iceandfire.chared_grass":3,"stat.craftItem.minecraft.glass":32,"stat.sleepInBed":17,"stat.pickup.chococraft.gysahl_green":9,"stat.mineBlock.iceandfire.chared_dirt":1,"stat.craftItem.minecraft.stone_shovel":7,"stat.walkOneCm":933011,"stat.useItem.minecraft.chest":3,"stat.pickup.minecraft.stick":3,"stat.pickup.railcraft.ingot":2,"stat.useItem.tombstone.gift":2,"stat.pickup.minecraft.stone":2,"stat.mineBlock.minecraft.wool":12,"stat.pickup.minecraft.cooked_beef":3,"stat.mineBlock.opframe.opframe":2,"stat.pickup.minecraft.gold_ingot":40,"stat.killEntity.Skeleton":2,"stat.mineBlock.minecraft.stonebrick":9,"stat.killEntity.Spider":4,"stat.killEntity.stymphalianbird":1,"stat.pickup.minecraft.dark_oak_stairs":18,"stat.mobKills":23,"stat.pickup.iceandfire.gorgon_head":1,"stat.mineBlock.travellersbackpack.sleeping_bag_bottom":1,"stat.mineBlock.minecraft.leaves":4,"stat.pickup.minecraft.torch":6,"stat.killEntity.firedragon":1,"stat.mineBlock.minecraft.stone":772}