{"stat.pickup.minecraft.wooden_slab":16,"stat.mineBlock.iceandfire.chared_grass":1,"stat.leaveGame":4,"stat.mineBlock.ebwizardry.crystal_flower":3,"stat.pickup.ebwizardry.spell_book":1,"stat.mineBlock.minecraft.stained_glass":1,"stat.pickup.zawa.worm":97,"stat.craftItem.zawa.bush_meat_cooked":1,"stat.useItem.minecraft.planks":1070,"stat.mineBlock.minecraft.web":1,"stat.craftItem.opframe.opframe":1,"stat.pickup.iceandfire.stymphalian_bird_feather":6,"stat.pickup.minecraft.rotten_flesh":14,"stat.pickup.minecraft.sand":205,"stat.entityKilledBy.Spider":3,"stat.pickup.minecraft.splash_potion":5,"stat.craftItem.minecraft.stone_axe":8,"stat.pickup.iceandfire.witherbone":1,"stat.pickup.minecraft.cobblestone_wall":18,"stat.mineBlock.minecraft.wooden_slab":14,"stat.craftItem.minecraft.cobblestone_wall":12,"stat.craftItem.minecraft.stone_sword":1,"stat.entityKilledBy.firedragon":15,"stat.mineBlock.minecraft.sand":208,"stat.drop.minecraft.gold_ingot":2,"stat.craftItem.minecraft.wooden_pickaxe":1,"stat.craftItem.minecraft.glass_pane":16,"stat.pickup.zawa.golden_sparks":1,"stat.mineBlock.minecraft.vine":2,"stat.pickup.sexmod.allies_lamp":1,"stat.useItem.minecraft.oak_stairs":3,"stat.furnaceInteraction":206,"stat.mineBlock.minecraft.dark_oak_stairs":18,"stat.killEntity.ZombieVillager":1,"stat.pickup.iceandfire.manuscript":12,"stat.pickup.minecraft.beef":3,"stat.pickup.travellersbackpack.travellers_backpack":7,"stat.useItem.minecraft.stained_glass":20,"stat.useItem.minecraft.fence":1,"stat.pickup.minecraft.skull":1,"stat.pickup.tombstone.magic_scroll":1,"stat.mineBlock.iceandfire.ash":5,"stat.pickup.tombstone.gift":1,"stat.pickup.minecraft.stone_stairs":2,"stat.mineBlock.minecraft.fence":1,"stat.pickup.minecraft.emerald":3,"stat.pickup.dynamictrees.oakseed":5,"stat.mineBlock.minecraft.oak_stairs":1,"stat.deaths":54,"stat.pickup.zawa.fur":1,"stat.pickup.minecraft.egg":3,"stat.playOneMinute":524952,"stat.pickup.zawa.care_guide":1,"stat.mineBlock.minecraft.tallgrass":44,"stat.chestOpened":150,"stat.useItem.minecraft.splash_potion":3,"stat.mineBlock.minecraft.dark_oak_fence":4,"stat.useItem.minecraft.stone":295,"stat.pickup.minecraft.arrow":12,"stat.pickup.minecraft.waterlily":2,"stat.useItem.ebwizardry.crystal_flower":1,"stat.pickup.minecraft.gold_nugget":390,"stat.craftItem.minecraft.coal":2,"stat.fallOneCm":138439,"stat.drop.travellersbackpack.travellers_backpack":1,"stat.crouchOneCm":105332,"stat.useItem.iceandfire.chared_gravel":1,"stat.mineBlock.minecraft.chest":3,"stat.craftItem.minecraft.chest":5,"stat.craftingTableInteraction":90,"stat.pickup.minecraft.wooden_pickaxe":1,"stat.pickup.minecraft.feather":3,"stat.pickup.zawa.ostritch_fern":1,"stat.pickup.zawa.raw_frog_leg":1,"stat.craftItem.minecraft.wooden_sword":1,"stat.drop.iceandfire.bestiary":1,"stat.pickup.minecraft.planks":176,"stat.pickup.minecraft.iron_leggings":1,"stat.pickup.minecraft.wheat_seeds":22,"stat.useItem.minecraft.stone_pickaxe":2117,"stat.mineBlock.minecraft.glass":3,"stat.useItem.minecraft.stone_sword":42,"stat.pickup.zawa.bush_meat_raw":23,"stat.craftItem.minecraft.oak_stairs":4,"stat.mineBlock.minecraft.dirt":2479,"stat.useItem.minecraft.torch":5,"stat.pickup.minecraft.iron_nugget":6,"stat.pickup.minecraft.crafting_table":6,"stat.useItem.minecraft.log":229,"stat.useItem.minecraft.cobblestone":328,"stat.craftItem.minecraft.crafting_table":2,"stat.drop.iceandfire.stymphalian_bird_feather":6,"stat.craftItem.travellersbackpack.sleeping_bag_bottom":1,"stat.pickup.minecraft.log":579,"stat.useItem.zawa.bush_meat_cooked":1,"stat.craftItem.minecraft.gold_ingot":29,"stat.pickup.minecraft.chicken":3,"stat.drop.minecraft.gold_nugget":2,"stat.pickup.minecraft.sapling":118,"stat.entityKilledBy.Enderman":1,"stat.craftItem.iceandfire.bestiary":1,"stat.useItem.minecraft.glass_pane":5,"stat.drop.minecraft.fish":1,"stat.mineBlock.iceandfire.goldpile":81,"stat.craftItem.minecraft.planks":1340,"stat.useItem.minecraft.iron_sword":91,"stat.killEntity.WitherSkeleton":2,"stat.useItem.minecraft.stonebrick":2,"stat.mineBlock.minecraft.log":571,"stat.mineBlock.minecraft.waterlily":1,"stat.craftItem.minecraft.cooked_chicken":2,"stat.useItem.minecraft.stone_hoe":10,"stat.useItem.minecraft.spruce_door":2,"stat.pickup.minecraft.red_flower":55,"stat.sneakTime":26299,"stat.pickup.minecraft.wool":12,"stat.mineBlock.minecraft.cobblestone_wall":20,"stat.killEntity.siren":1,"stat.pickup.minecraft.stone_slab":9,"stat.mineBlock.minecraft.jukebox":1,"stat.craftItem.travellersbackpack.backpack_tank":2,"stat.pickup.minecraft.chest":3,"stat.craftItem.minecraft.spruce_door":3,"stat.pickup.minecraft.bone":22,"stat.mineBlock.minecraft.cobblestone":17,"stat.killEntity.gorgon":1,"stat.entityKilledBy.galath":2,"stat.mineBlock.minecraft.stained_glass_pane":8,"stat.swimOneCm":30608,"stat.climbOneCm":1750,"stat.useItem.chococraft.gysahl_green":8,"stat.useItem.minecraft.dirt":1358,"stat.useItem.minecraft.stone_slab2":129,"stat.pickup.minecraft.iron_boots":1,"stat.pickup.zawa.bird_meat":1,"stat.craftItem.minecraft.furnace":2,"stat.craftItem.minecraft.stone_pickaxe":17,"stat.craftItem.minecraft.cooked_beef":3,"stat.pickup.minecraft.cobblestone":2098,"stat.mineBlock.minecraft.carpet":3,"stat.mineBlock.zawa.ostritch_fern":1,"stat.useItem.minecraft.stone_shovel":2333,"stat.flyOneCm":608284,"stat.useItem.iceandfire.chared_stone":14,"stat.pickup.minecraft.fish":1,"stat.useItem.minecraft.cooked_beef":4,"stat.craftItem.minecraft.stained_glass":120,"stat.mineBlock.minecraft.iron_ore":3,"stat.timeSinceDeath":19295,"stat.drop.minecraft.log":1,"stat.useItem.minecraft.wooden_slab":12,"stat.mineBlock.ebwizardry.arcane_workbench":2,"stat.pickup.ebwizardry.arcane_workbench":1,"stat.pickup.minecraft.dark_oak_door":2,"stat.pickup.minecraft.stonebrick":13,"stat.pickup.minecraft.carpet":7,"stat.mineBlock.minecraft.coal_ore":1,"stat.pickup.ebwizardry.smoke_bomb":1,"stat.killEntity.Creeper":1,"stat.craftItem.minecraft.stone_hoe":1,"stat.talkedToVillager":18,"stat.pickup.minecraft.string":9,"stat.pickup.tombstone.crafting_ingredient":5,"stat.entityKilledBy.Skeleton":3,"stat.craftItem.minecraft.stone_slab2":0,"stat.sprintOneCm":547499,"stat.craftItem.minecraft.stick":120,"stat.useItem.tombstone.magic_scroll":1,"stat.useItem.minecraft.stone_slab":21,"stat.craftItem.minecraft.stone":350,"stat.mineBlock.minecraft.crafting_table":6,"stat.pickup.chococraft.gysahl_green_seeds":29,"stat.entityKilledBy.Creeper":1,"stat.mineBlock.minecraft.planks":155,"stat.drop":25,"stat.useItem.minecraft.wooden_sword":59,"stat.pickup.minecraft.jukebox":1,"stat.pickup.ebwizardry.ruined_spell_book":1,"stat.pickup.minecraft.slime_ball":2,"stat.killEntity.Zombie":7,"stat.craftItem.minecraft.dye":15,"stat.pickup.iceandfire.chared_dirt":1,"stat.diveOneCm":25215,"stat.drop.minecraft.cooked_beef":2,"stat.craftItem.travellersbackpack.travellers_backpack":1,"stat.useItem.minecraft.stained_glass_pane":203,"stat.jump":5478,"stat.pickup.minecraft.fence":1,"stat.pickup.minecraft.iron_helmet":2,"stat.pickup.minecraft.coal":2,"stat.pickup.minecraft.iron_ingot":19,"stat.useItem.minecraft.stone_axe":459,"stat.pickup.iceandfire.chared_gravel":2,"stat.pickup.minecraft.gunpowder":4,"stat.pickup.iceandfire.chared_stone":14,"stat.pickup.minecraft.spider_eye":4,"stat.pickup.minecraft.dirt":2699,"stat.useItem.minecraft.cooked_chicken":2,"stat.pickup.minecraft.iron_ore":3,"stat.pickup.iceandfire.shiny_scales":1,"stat.useItem.minecraft.glass":3,"stat.useItem.minecraft.sapling":90,"stat.mineBlock.minecraft.glass_pane":5,"stat.mineBlock.minecraft.stone_stairs":1,"stat.damageTaken":13475,"stat.pickup.minecraft.leather":21,"stat.mineBlock.minecraft.torch":6,"stat.mineBlock.minecraft.red_flower":29,"stat.useItem.minecraft.wooden_pickaxe":44,"stat.pickup.minecraft.dark_oak_fence":2,"stat.pickup.minecraft.prismarine_shard":2,"stat.pickup.ebwizardry.crystal_flower":3,"stat.pickup.minecraft.prismarine_crystals":2,"stat.pickup.minecraft.bed":1,"stat.pickup.opframe.opframe":5,"tombstone:undead_killed":13,"stat.useItem.tombstone.grave_key":17,"stat.pickup.minecraft.oak_stairs":1,"stat.drop.zawa.bush_meat_raw":6,"stat.damageDealt":13799,"stat.pickup.iceandfire.chared_grass":3,"stat.craftItem.minecraft.glass":81,"stat.sleepInBed":32,"stat.pickup.chococraft.gysahl_green":9,"stat.mineBlock.iceandfire.chared_dirt":1,"stat.craftItem.minecraft.stone_shovel":22,"stat.walkOneCm":2176187,"stat.useItem.minecraft.chest":4,"stat.playerKills":1,"stat.pickup.minecraft.stick":5,"stat.pickup.railcraft.ingot":2,"stat.useItem.tombstone.gift":2,"stat.pickup.minecraft.stone":2,"stat.mineBlock.minecraft.wool":12,"stat.drop.minecraft.emerald":3,"stat.pickup.minecraft.cooked_beef":3,"stat.mineBlock.opframe.opframe":5,"stat.pickup.minecraft.gold_ingot":42,"stat.killEntity.Skeleton":2,"stat.craftItem.minecraft.stained_glass_pane":256,"stat.mineBlock.minecraft.stonebrick":9,"stat.killEntity.Spider":6,"stat.killEntity.stymphalianbird":1,"stat.pickup.minecraft.dark_oak_stairs":18,"stat.mobKills":44,"stat.craftItem.minecraft.fence":3,"stat.pickup.iceandfire.gorgon_head":1,"stat.useItem.minecraft.cobblestone_wall":10,"stat.pickup.props.props":2,"stat.mineBlock.travellersbackpack.sleeping_bag_bottom":1,"stat.mineBlock.minecraft.leaves":18,"stat.pickup.minecraft.torch":11,"stat.killEntity.firedragon":1,"stat.mineBlock.minecraft.stone":2085}