{"stat.pickup.minecraft.bone":11,"stat.pickup.minecraft.wooden_slab":15,"stat.mineBlock.iceandfire.chared_grass":1,"stat.leaveGame":1,"stat.mineBlock.ebwizardry.crystal_flower":3,"stat.mineBlock.minecraft.cobblestone":3,"stat.killEntity.gorgon":1,"stat.swimOneCm":20610,"stat.pickup.zawa.worm":7,"stat.climbOneCm":1750,"stat.useItem.minecraft.planks":12,"stat.mineBlock.minecraft.web":1,"stat.pickup.iceandfire.stymphalian_bird_feather":6,"stat.useItem.chococraft.gysahl_green":8,"stat.useItem.minecraft.dirt":4,"stat.useItem.minecraft.stone_slab2":19,"stat.pickup.minecraft.iron_boots":1,"stat.pickup.zawa.bird_meat":1,"stat.pickup.minecraft.rotten_flesh":3,"stat.pickup.minecraft.sand":68,"stat.craftItem.minecraft.furnace":1,"stat.entityKilledBy.Spider":2,"stat.pickup.minecraft.splash_potion":5,"stat.craftItem.minecraft.stone_axe":1,"stat.pickup.minecraft.cobblestone_wall":7,"stat.craftItem.minecraft.stone_pickaxe":1,"stat.craftItem.minecraft.cooked_beef":3,"stat.pickup.minecraft.cobblestone":31,"stat.mineBlock.minecraft.wooden_slab":14,"stat.mineBlock.minecraft.carpet":3,"stat.craftItem.minecraft.stone_sword":1,"stat.flyOneCm":288398,"stat.entityKilledBy.firedragon":15,"stat.mineBlock.minecraft.sand":69,"stat.useItem.iceandfire.chared_stone":14,"stat.pickup.minecraft.fish":1,"stat.useItem.minecraft.cooked_beef":4,"stat.timeSinceDeath":72525,"stat.craftItem.minecraft.wooden_pickaxe":1,"stat.useItem.minecraft.wooden_slab":12,"stat.mineBlock.minecraft.vine":2,"stat.pickup.minecraft.stonebrick":13,"stat.furnaceInteraction":10,"stat.mineBlock.minecraft.dark_oak_stairs":18,"stat.pickup.minecraft.carpet":7,"stat.killEntity.ZombieVillager":1,"stat.craftItem.minecraft.stone_hoe":1,"stat.pickup.minecraft.string":7,"stat.pickup.iceandfire.manuscript":12,"stat.pickup.minecraft.beef":3,"stat.pickup.tombstone.crafting_ingredient":2,"stat.entityKilledBy.Skeleton":1,"stat.craftItem.minecraft.stone_slab2":0,"stat.pickup.travellersbackpack.travellers_backpack":1,"stat.sprintOneCm":215143,"stat.pickup.minecraft.skull":1,"stat.craftItem.minecraft.stick":12,"stat.mineBlock.iceandfire.ash":5,"stat.useItem.minecraft.stone_slab":21,"stat.pickup.tombstone.gift":1,"stat.pickup.minecraft.stone_stairs":2,"stat.mineBlock.minecraft.crafting_table":5,"stat.pickup.dynamictrees.oakseed":3,"stat.pickup.chococraft.gysahl_green_seeds":29,"stat.deaths":31,"stat.mineBlock.minecraft.planks":12,"stat.drop":11,"stat.pickup.zawa.fur":1,"stat.pickup.minecraft.egg":2,"stat.playOneMinute":126710,"stat.useItem.minecraft.wooden_sword":59,"stat.killEntity.Zombie":2,"stat.pickup.zawa.care_guide":1,"stat.pickup.iceandfire.chared_dirt":1,"stat.mineBlock.minecraft.tallgrass":4,"stat.diveOneCm":12780,"stat.chestOpened":47,"stat.useItem.minecraft.splash_potion":3,"stat.mineBlock.minecraft.dark_oak_fence":4,"stat.pickup.minecraft.arrow":6,"stat.pickup.minecraft.waterlily":2,"stat.drop.minecraft.cooked_beef":2,"stat.craftItem.travellersbackpack.travellers_backpack":1,"stat.useItem.ebwizardry.crystal_flower":1,"stat.pickup.minecraft.gold_nugget":388,"stat.jump":2054,"stat.pickup.minecraft.iron_helmet":2,"stat.fallOneCm":36726,"stat.pickup.minecraft.iron_ingot":19,"stat.useItem.minecraft.stone_axe":46,"stat.pickup.iceandfire.chared_gravel":2,"stat.drop.travellersbackpack.travellers_backpack":1,"stat.crouchOneCm":16607,"stat.pickup.iceandfire.chared_stone":14,"stat.useItem.iceandfire.chared_gravel":1,"stat.pickup.minecraft.spider_eye":4,"stat.craftItem.minecraft.chest":3,"stat.pickup.minecraft.dirt":6,"stat.craftingTableInteraction":20,"stat.pickup.iceandfire.shiny_scales":1,"stat.mineBlock.minecraft.stone_stairs":1,"stat.pickup.minecraft.wooden_pickaxe":1,"stat.damageTaken":6564,"stat.pickup.minecraft.feather":1,"stat.mineBlock.minecraft.torch":1,"stat.useItem.minecraft.wooden_pickaxe":44,"stat.pickup.minecraft.dark_oak_fence":2,"stat.pickup.minecraft.prismarine_shard":2,"stat.craftItem.minecraft.wooden_sword":1,"stat.drop.iceandfire.bestiary":1,"stat.pickup.ebwizardry.crystal_flower":3,"stat.pickup.minecraft.planks":33,"stat.pickup.minecraft.prismarine_crystals":2,"stat.pickup.minecraft.iron_leggings":1,"tombstone:undead_killed":6,"stat.pickup.minecraft.wheat_seeds":1,"stat.useItem.minecraft.stone_pickaxe":28,"stat.useItem.minecraft.stone_sword":42,"stat.damageDealt":7079,"stat.pickup.iceandfire.chared_grass":3,"stat.craftItem.minecraft.glass":21,"stat.sleepInBed":7,"stat.pickup.chococraft.gysahl_green":9,"stat.mineBlock.minecraft.dirt":7,"stat.mineBlock.iceandfire.chared_dirt":1,"stat.walkOneCm":513626,"stat.useItem.minecraft.chest":1,"stat.pickup.minecraft.stick":3,"stat.pickup.minecraft.iron_nugget":6,"stat.pickup.minecraft.crafting_table":5,"stat.useItem.minecraft.cobblestone":5,"stat.craftItem.minecraft.crafting_table":1,"stat.drop.iceandfire.stymphalian_bird_feather":6,"stat.pickup.railcraft.ingot":2,"stat.craftItem.travellersbackpack.sleeping_bag_bottom":1,"stat.pickup.minecraft.log":13,"stat.useItem.tombstone.gift":2,"stat.craftItem.minecraft.gold_ingot":29,"stat.pickup.minecraft.stone":2,"stat.mineBlock.minecraft.wool":12,"stat.pickup.minecraft.chicken":1,"stat.pickup.minecraft.cooked_beef":3,"stat.craftItem.iceandfire.bestiary":1,"stat.pickup.minecraft.gold_ingot":40,"stat.killEntity.Skeleton":2,"stat.drop.minecraft.fish":1,"stat.mineBlock.iceandfire.goldpile":81,"stat.mineBlock.minecraft.stonebrick":9,"stat.craftItem.minecraft.planks":48,"stat.useItem.minecraft.iron_sword":91,"stat.killEntity.Spider":4,"stat.killEntity.stymphalianbird":1,"stat.pickup.minecraft.dark_oak_stairs":18,"stat.mobKills":15,"stat.useItem.minecraft.stonebrick":2,"stat.mineBlock.minecraft.log":4,"stat.mineBlock.minecraft.waterlily":1,"stat.pickup.iceandfire.gorgon_head":1,"stat.pickup.minecraft.torch":1,"stat.pickup.minecraft.red_flower":1,"stat.sneakTime":3625,"stat.pickup.minecraft.wool":12,"stat.mineBlock.minecraft.cobblestone_wall":9,"stat.killEntity.firedragon":1,"stat.killEntity.siren":1,"stat.pickup.minecraft.stone_slab":9,"stat.mineBlock.minecraft.stone":30,"stat.craftItem.travellersbackpack.backpack_tank":2}