{"stat.pickup.minecraft.bone":11,"stat.pickup.minecraft.wooden_slab":15,"stat.mineBlock.iceandfire.chared_grass":1,"stat.leaveGame":1,"stat.mineBlock.ebwizardry.crystal_flower":3,"stat.mineBlock.minecraft.cobblestone":3,"stat.killEntity.gorgon":1,"stat.swimOneCm":24535,"stat.pickup.zawa.worm":11,"stat.craftItem.zawa.bush_meat_cooked":1,"stat.climbOneCm":1750,"stat.useItem.minecraft.planks":12,"stat.mineBlock.minecraft.web":1,"stat.pickup.iceandfire.stymphalian_bird_feather":6,"stat.useItem.chococraft.gysahl_green":8,"stat.useItem.minecraft.dirt":4,"stat.useItem.minecraft.stone_slab2":25,"stat.pickup.minecraft.iron_boots":1,"stat.pickup.zawa.bird_meat":1,"stat.pickup.minecraft.rotten_flesh":3,"stat.pickup.minecraft.sand":68,"stat.craftItem.minecraft.furnace":2,"stat.entityKilledBy.Spider":2,"stat.pickup.minecraft.splash_potion":5,"stat.craftItem.minecraft.stone_axe":2,"stat.pickup.minecraft.cobblestone_wall":7,"stat.craftItem.minecraft.stone_pickaxe":1,"stat.craftItem.minecraft.cooked_beef":3,"stat.pickup.minecraft.cobblestone":53,"stat.mineBlock.minecraft.wooden_slab":14,"stat.mineBlock.minecraft.carpet":3,"stat.useItem.minecraft.stone_shovel":135,"stat.craftItem.minecraft.stone_sword":1,"stat.flyOneCm":314423,"stat.entityKilledBy.firedragon":15,"stat.mineBlock.minecraft.sand":69,"stat.useItem.iceandfire.chared_stone":14,"stat.pickup.minecraft.fish":1,"stat.useItem.minecraft.cooked_beef":4,"stat.mineBlock.minecraft.iron_ore":3,"stat.timeSinceDeath":96825,"stat.craftItem.minecraft.wooden_pickaxe":1,"stat.useItem.minecraft.wooden_slab":12,"stat.mineBlock.ebwizardry.arcane_workbench":2,"stat.pickup.ebwizardry.arcane_workbench":1,"stat.mineBlock.minecraft.vine":2,"stat.pickup.minecraft.dark_oak_door":2,"stat.pickup.minecraft.stonebrick":13,"stat.furnaceInteraction":15,"stat.mineBlock.minecraft.dark_oak_stairs":18,"stat.pickup.minecraft.carpet":7,"stat.killEntity.ZombieVillager":1,"stat.mineBlock.minecraft.coal_ore":1,"stat.craftItem.minecraft.stone_hoe":1,"stat.pickup.minecraft.string":7,"stat.pickup.iceandfire.manuscript":12,"stat.pickup.minecraft.beef":3,"stat.pickup.tombstone.crafting_ingredient":2,"stat.entityKilledBy.Skeleton":1,"stat.craftItem.minecraft.stone_slab2":0,"stat.pickup.travellersbackpack.travellers_backpack":4,"stat.sprintOneCm":247615,"stat.pickup.minecraft.skull":1,"stat.craftItem.minecraft.stick":16,"stat.mineBlock.iceandfire.ash":5,"stat.useItem.minecraft.stone_slab":21,"stat.pickup.tombstone.gift":1,"stat.pickup.minecraft.stone_stairs":2,"stat.mineBlock.minecraft.crafting_table":6,"stat.pickup.dynamictrees.oakseed":3,"stat.pickup.chococraft.gysahl_green_seeds":29,"stat.deaths":31,"stat.mineBlock.minecraft.planks":35,"stat.drop":11,"stat.pickup.zawa.fur":1,"stat.pickup.minecraft.egg":3,"stat.playOneMinute":151010,"stat.useItem.minecraft.wooden_sword":59,"stat.pickup.minecraft.jukebox":1,"stat.killEntity.Zombie":2,"stat.pickup.zawa.care_guide":1,"stat.pickup.iceandfire.chared_dirt":1,"stat.mineBlock.minecraft.tallgrass":13,"stat.diveOneCm":17288,"stat.chestOpened":53,"stat.useItem.minecraft.splash_potion":3,"stat.mineBlock.minecraft.dark_oak_fence":4,"stat.pickup.minecraft.arrow":6,"stat.pickup.minecraft.waterlily":2,"stat.drop.minecraft.cooked_beef":2,"stat.craftItem.travellersbackpack.travellers_backpack":1,"stat.useItem.ebwizardry.crystal_flower":1,"stat.pickup.minecraft.gold_nugget":388,"stat.jump":2306,"stat.pickup.minecraft.iron_helmet":2,"stat.pickup.minecraft.coal":1,"stat.fallOneCm":43120,"stat.pickup.minecraft.iron_ingot":19,"stat.useItem.minecraft.stone_axe":122,"stat.pickup.iceandfire.chared_gravel":2,"stat.drop.travellersbackpack.travellers_backpack":1,"stat.crouchOneCm":16976,"stat.pickup.iceandfire.chared_stone":14,"stat.useItem.iceandfire.chared_gravel":1,"stat.mineBlock.minecraft.chest":3,"stat.pickup.minecraft.spider_eye":4,"stat.craftItem.minecraft.chest":3,"stat.pickup.minecraft.dirt":136,"stat.useItem.minecraft.cooked_chicken":2,"stat.craftingTableInteraction":22,"stat.pickup.minecraft.iron_ore":3,"stat.pickup.iceandfire.shiny_scales":1,"stat.mineBlock.minecraft.stone_stairs":1,"stat.pickup.minecraft.wooden_pickaxe":1,"stat.damageTaken":6683,"stat.pickup.minecraft.feather":3,"stat.pickup.minecraft.leather":3,"stat.mineBlock.minecraft.torch":5,"stat.useItem.minecraft.wooden_pickaxe":44,"stat.pickup.minecraft.dark_oak_fence":2,"stat.pickup.minecraft.prismarine_shard":2,"stat.craftItem.minecraft.wooden_sword":1,"stat.drop.iceandfire.bestiary":1,"stat.pickup.ebwizardry.crystal_flower":3,"stat.pickup.minecraft.planks":56,"stat.pickup.minecraft.prismarine_crystals":2,"stat.pickup.minecraft.iron_leggings":1,"stat.pickup.minecraft.bed":1,"tombstone:undead_killed":6,"stat.pickup.minecraft.wheat_seeds":4,"stat.useItem.minecraft.stone_pickaxe":58,"stat.useItem.minecraft.stone_sword":42,"stat.damageDealt":7349,"stat.pickup.iceandfire.chared_grass":3,"stat.craftItem.minecraft.glass":32,"stat.pickup.zawa.bush_meat_raw":1,"stat.sleepInBed":10,"stat.pickup.chococraft.gysahl_green":9,"stat.mineBlock.minecraft.dirt":140,"stat.mineBlock.iceandfire.chared_dirt":1,"stat.craftItem.minecraft.stone_shovel":1,"stat.walkOneCm":656556,"stat.useItem.minecraft.chest":2,"stat.pickup.minecraft.stick":3,"stat.pickup.minecraft.iron_nugget":6,"stat.pickup.minecraft.crafting_table":6,"stat.useItem.minecraft.cobblestone":5,"stat.craftItem.minecraft.crafting_table":2,"stat.drop.iceandfire.stymphalian_bird_feather":6,"stat.pickup.railcraft.ingot":2,"stat.craftItem.travellersbackpack.sleeping_bag_bottom":1,"stat.pickup.minecraft.log":81,"stat.useItem.zawa.bush_meat_cooked":1,"stat.useItem.tombstone.gift":2,"stat.craftItem.minecraft.gold_ingot":29,"stat.pickup.minecraft.stone":2,"stat.mineBlock.minecraft.wool":12,"stat.pickup.minecraft.chicken":3,"stat.pickup.minecraft.sapling":16,"stat.pickup.minecraft.cooked_beef":3,"stat.craftItem.iceandfire.bestiary":1,"stat.pickup.minecraft.gold_ingot":40,"stat.killEntity.Skeleton":2,"stat.drop.minecraft.fish":1,"stat.mineBlock.iceandfire.goldpile":81,"stat.mineBlock.minecraft.stonebrick":9,"stat.craftItem.minecraft.planks":320,"stat.useItem.minecraft.iron_sword":91,"stat.killEntity.Spider":4,"stat.killEntity.stymphalianbird":1,"stat.pickup.minecraft.dark_oak_stairs":18,"stat.mobKills":18,"stat.useItem.minecraft.stonebrick":2,"stat.mineBlock.minecraft.log":74,"stat.mineBlock.minecraft.waterlily":1,"stat.craftItem.minecraft.cooked_chicken":2,"stat.pickup.iceandfire.gorgon_head":1,"stat.mineBlock.travellersbackpack.sleeping_bag_bottom":1,"stat.mineBlock.minecraft.leaves":3,"stat.pickup.minecraft.torch":6,"stat.pickup.minecraft.red_flower":3,"stat.sneakTime":3732,"stat.pickup.minecraft.wool":12,"stat.mineBlock.minecraft.cobblestone_wall":9,"stat.killEntity.firedragon":1,"stat.killEntity.siren":1,"stat.pickup.minecraft.stone_slab":9,"stat.mineBlock.minecraft.jukebox":1,"stat.mineBlock.minecraft.stone":53,"stat.craftItem.travellersbackpack.backpack_tank":2,"stat.pickup.minecraft.chest":3}