{"stat.leaveGame":2,"stat.mineBlock.minecraft.cobblestone":13,"stat.drop.minecraft.mossy_cobblestone":4,"stat.useItem.minecraft.mutton":11,"stat.swimOneCm":34910,"stat.pickup.zawa.worm":9,"stat.craftItem.zawa.bush_meat_cooked":2,"stat.useItem.minecraft.planks":1,"stat.pickup.minecraft.porkchop":22,"stat.useItem.chococraft.gysahl_green":18,"stat.useItem.minecraft.dirt":4,"stat.useItem.minecraft.stone_slab2":23,"stat.pickup.minecraft.rotten_flesh":10,"stat.pickup.minecraft.sand":19,"stat.craftItem.minecraft.furnace":5,"stat.craftItem.minecraft.stone_axe":1,"stat.craftItem.minecraft.iron_boots":1,"stat.craftItem.minecraft.stone_pickaxe":1,"stat.pickup.minecraft.cobblestone":169,"stat.craftItem.minecraft.stone_sword":1,"stat.flyOneCm":356521,"stat.mineBlock.minecraft.sand":19,"stat.killEntity.Witch":2,"stat.drop.minecraft.wheat_seeds":2,"stat.mineBlock.minecraft.iron_ore":80,"stat.timeSinceDeath":83193,"stat.useItem.minecraft.iron_pickaxe":184,"stat.craftItem.minecraft.wooden_pickaxe":1,"stat.pickup.minecraft.mutton":11,"stat.pickup.minecraft.mossy_cobblestone":6,"stat.drop.minecraft.wooden_shovel":1,"stat.furnaceInteraction":69,"stat.drop.minecraft.dirt":5,"stat.useItem.minecraft.cooked_porkchop":7,"stat.mineBlock.minecraft.coal_ore":55,"stat.pickup.minecraft.furnace":2,"stat.craftItem.minecraft.stone_slab2":0,"stat.useItem.zawa.cooked_frog_leg":1,"stat.pickup.railcraft.ore_metal":28,"stat.sprintOneCm":166858,"stat.craftItem.minecraft.stick":12,"stat.pickup.mca.rose_gold_ore":7,"stat.useItem.minecraft.wheat_seeds":2,"stat.mineBlock.minecraft.crafting_table":2,"stat.useItem.minecraft.wooden_shovel":26,"stat.pickup.dynamictrees.oakseed":1,"stat.pickup.chococraft.gysahl_green_seeds":44,"stat.drop":26,"stat.playOneMinute":83193,"stat.craftItem.minecraft.wooden_shovel":1,"stat.killEntity.Sheep":5,"stat.craftItem.minecraft.iron_pickaxe":1,"stat.killEntity.Zombie":4,"stat.pickup.zawa.care_guide":1,"stat.craftItem.minecraft.dye":2,"stat.mineBlock.minecraft.tallgrass":20,"stat.diveOneCm":25099,"stat.pickup.minecraft.wheat":3,"stat.chestOpened":17,"stat.mineBlock.minecraft.mossy_cobblestone":7,"stat.useItem.minecraft.stone":1,"stat.drop.minecraft.wooden_pickaxe":1,"stat.pickup.minecraft.iron_sword":1,"stat.craftItem.minecraft.cooked_porkchop":10,"stat.useItem.minecraft.porkchop":12,"stat.pickup.minecraft.gold_nugget":30,"stat.jump":1773,"stat.pickup.minecraft.coal":83,"stat.fallOneCm":45221,"stat.useItem.minecraft.stone_axe":2,"stat.craftItem.minecraft.bread":1,"stat.crouchOneCm":16243,"stat.craftItem.minecraft.iron_ingot":26,"stat.craftItem.minecraft.chest":1,"stat.pickup.minecraft.dirt":11,"stat.craftItem.minecraft.iron_helmet":1,"stat.craftingTableInteraction":28,"stat.pickup.minecraft.iron_ore":81,"stat.useItem.minecraft.glass":3,"stat.mineBlock.mca.rose_gold_ore":7,"stat.pickup.iceandfire.silver_ore":1,"stat.drop.zawa.worm":1,"stat.damageTaken":1069,"stat.pickup.minecraft.leather":8,"stat.mineBlock.minecraft.torch":3,"stat.mineBlock.minecraft.furnace":2,"stat.mineBlock.minecraft.red_flower":2,"stat.useItem.minecraft.wooden_pickaxe":27,"stat.useItem.minecraft.furnace":2,"stat.useItem.minecraft.reeds":2,"stat.pickup.zawa.raw_frog_leg":1,"stat.pickup.minecraft.reeds":7,"stat.drop.chococraft.gysahl_green":1,"tombstone:undead_killed":5,"stat.pickup.minecraft.wheat_seeds":8,"stat.useItem.minecraft.stone_pickaxe":97,"stat.mineBlock.minecraft.glass":5,"stat.useItem.minecraft.stone_sword":41,"stat.damageDealt":2536,"stat.pickup.zawa.bush_meat_raw":2,"stat.craftItem.minecraft.glass":19,"stat.sleepInBed":3,"stat.pickup.chococraft.gysahl_green":19,"stat.mineBlock.minecraft.dirt":10,"stat.killEntity.Pig":4,"stat.walkOneCm":232693,"stat.useItem.minecraft.bread":1,"stat.useItem.minecraft.torch":4,"stat.pickup.minecraft.stick":1,"stat.mineBlock.iceandfire.silver_ore":1,"stat.pickup.minecraft.crafting_table":2,"stat.useItem.minecraft.cobblestone":70,"stat.craftItem.minecraft.crafting_table":3,"stat.pickup.minecraft.log":17,"stat.useItem.zawa.bush_meat_cooked":2,"stat.craftItem.minecraft.gold_ingot":1,"stat.pickup.minecraft.stone":7,"stat.craftItem.minecraft.iron_chestplate":1,"stat.drop.minecraft.gold_nugget":3,"stat.drop.chococraft.gysahl_green_seeds":19,"stat.killEntity.Skeleton":1,"stat.drop.dynamictrees.oakseed":1,"stat.mineBlock.iceandfire.goldpile":4,"stat.craftItem.minecraft.planks":68,"stat.useItem.minecraft.iron_sword":17,"stat.craftItem.zawa.cooked_frog_leg":1,"stat.mobKills":23,"stat.mineBlock.minecraft.log":6,"stat.useItem.minecraft.mossy_cobblestone":1,"stat.mineBlock.minecraft.leaves":1,"stat.pickup.minecraft.torch":7,"stat.pickup.minecraft.red_flower":2,"stat.sneakTime":4741,"stat.pickup.minecraft.wool":7,"stat.mineBlock.railcraft.ore_metal":33,"stat.mineBlock.minecraft.stone":108,"stat.craftItem.travellersbackpack.backpack_tank":2}