{"stat.useItem.minecraft.bow":1,"stat.pickup.railcraft.tool_spike_maul_iron":1,"stat.drop.minecraft.waterlily":1,"stat.pickup.minecraft.wooden_slab":9,"stat.mineBlock.iceandfire.chared_grass":5,"stat.leaveGame":6,"stat.pickup.ebwizardry.spell_book":3,"stat.mineBlock.minecraft.sandstone":2,"stat.useItem.minecraft.mutton":11,"stat.pickup.zawa.worm":47,"stat.craftItem.zawa.bush_meat_cooked":5,"stat.useItem.minecraft.planks":443,"stat.mineBlock.minecraft.web":6,"stat.pickup.minecraft.porkchop":25,"stat.mineBlock.railcraft.quarried_stone":64,"stat.pickup.minecraft.rotten_flesh":66,"stat.pickup.zawa.river_stone":1,"stat.pickup.minecraft.sand":20,"stat.craftItem.minecraft.stone_axe":2,"stat.pickup.minecraft.name_tag":2,"stat.killEntity.Enderman":8,"stat.mineBlock.minecraft.wooden_slab":5,"stat.pickup.minecraft.activator_rail":3,"stat.pickup.zawa.reptile_hide":1,"stat.craftItem.minecraft.stone_sword":1,"stat.useItem.minecraft.ender_pearl":1,"stat.craftItem.minecraft.iron_shovel":1,"stat.pickup.minecraft.brown_mushroom":1,"stat.mineBlock.minecraft.sand":20,"stat.pickup.iceandfire.ash":2,"stat.killEntity.Witch":2,"stat.drop.minecraft.sand":1,"stat.pickup.iceandfire.silver_ingot":1,"stat.useItem.minecraft.iron_pickaxe":402,"stat.drop.minecraft.diamond":2,"stat.craftItem.minecraft.wooden_pickaxe":1,"stat.useItem.minecraft.iron_shovel":201,"stat.drop.minecraft.wooden_shovel":1,"stat.useItem.minecraft.oak_stairs":72,"stat.furnaceInteraction":138,"stat.killEntity.ZombieVillager":3,"stat.pickup.iceandfire.manuscript":1,"stat.pickup.minecraft.beef":11,"stat.pickup.minecraft.furnace":5,"stat.useItem.zawa.cooked_frog_leg":1,"stat.pickup.travellersbackpack.travellers_backpack":2,"stat.pickup.tombstone.magic_scroll":2,"stat.pickup.mca.rose_gold_ore":7,"stat.pickup.railcraft.quarried":1,"stat.pickup.minecraft.stone_stairs":2,"stat.useItem.minecraft.wheat_seeds":2,"stat.pickup.tombstone.scroll_buff":1,"stat.useItem.iceandfire.chared_dirt":3,"stat.pickup.minecraft.pumpkin_seeds":6,"stat.pickup.minecraft.emerald":18,"stat.mineBlock.zawa.river_stone":1,"stat.pickup.dynamictrees.oakseed":5,"stat.useItem.minecraft.beef":2,"stat.mineBlock.minecraft.oak_stairs":5,"stat.deaths":13,"stat.drop.railcraft.jaded_stone":9,"stat.mineBlock.iceandfire.chared_gravel":1,"stat.playOneMinute":305149,"stat.craftItem.minecraft.wooden_shovel":1,"stat.craftItem.minecraft.iron_pickaxe":3,"stat.mineBlock.minecraft.brown_mushroom_block":11,"stat.pickup.zawa.care_guide":1,"stat.mineBlock.minecraft.tallgrass":34,"stat.chestOpened":107,"stat.craftItem.railcraft.quarried":64,"stat.useItem.minecraft.stone":1,"stat.pickup.minecraft.iron_sword":1,"stat.pickup.minecraft.waterlily":3,"stat.pickup.minecraft.arrow":24,"stat.pickup.minecraft.detector_rail":1,"stat.pickup.minecraft.gold_nugget":30,"stat.pickup.iceandfire.silver_nugget":2,"stat.fallOneCm":160654,"stat.crouchOneCm":28895,"stat.mineBlock.minecraft.chest":3,"stat.pickup.minecraft.rail":33,"stat.craftItem.minecraft.iron_ingot":59,"stat.craftItem.minecraft.chest":2,"stat.craftingTableInteraction":35,"stat.pickup.iceandfire.silver_ore":1,"stat.drop.minecraft.bone":4,"stat.useItem.minecraft.furnace":4,"stat.useItem.minecraft.reeds":2,"stat.pickup.zawa.raw_frog_leg":2,"stat.pickup.minecraft.planks":47,"stat.pickup.minecraft.wheat_seeds":32,"stat.useItem.minecraft.stone_pickaxe":109,"stat.mineBlock.minecraft.glass":6,"stat.useItem.minecraft.stone_sword":132,"stat.craftItem.minecraft.iron_leggings":1,"stat.pickup.zawa.bush_meat_raw":5,"stat.craftItem.minecraft.oak_stairs":72,"stat.mineBlock.minecraft.dirt":208,"stat.useItem.minecraft.bread":5,"stat.useItem.minecraft.torch":38,"stat.drop.tombstone.crafting_ingredient":2,"stat.mineBlock.railcraft.jaded_stone":9,"stat.mineBlock.iceandfire.silver_ore":1,"stat.drop.minecraft.rotten_flesh":8,"stat.useItem.zawa.reptile_meat_raw":1,"stat.pickup.minecraft.crafting_table":2,"stat.useItem.minecraft.log":101,"stat.useItem.minecraft.cobblestone":118,"stat.craftItem.minecraft.crafting_table":5,"stat.mineBlock.minecraft.double_plant":1,"stat.craftItem.minecraft.boat":4,"stat.craftItem.travellersbackpack.sleeping_bag_bottom":1,"stat.mineBlock.minecraft.emerald_ore":13,"stat.pickup.minecraft.log":276,"stat.useItem.zawa.bush_meat_cooked":8,"stat.drop.minecraft.stonebrick":3,"stat.craftItem.minecraft.gold_ingot":1,"stat.drop.minecraft.planks":2,"stat.drop.minecraft.sapling":7,"stat.mineBlock.zawa.bellflowers":1,"stat.pickup.zawa.bellflowers":1,"stat.drop.minecraft.gold_nugget":3,"stat.pickup.minecraft.sapling":100,"stat.pickup.railcraft.gear":3,"stat.drop.wolfarmor.gold_wolf_armor":1,"stat.drop.minecraft.bow":3,"stat.drop.dynamictrees.oakseed":1,"stat.mineBlock.iceandfire.goldpile":4,"stat.craftItem.minecraft.planks":696,"stat.useItem.minecraft.iron_sword":222,"stat.craftItem.zawa.cooked_frog_leg":1,"stat.useItem.minecraft.stonebrick":3,"stat.mineBlock.minecraft.log":254,"stat.craftItem.minecraft.wooden_door":3,"stat.mineBlock.minecraft.waterlily":2,"stat.useItem.minecraft.wooden_door":1,"stat.pickup.railcraft.tool_crowbar_iron":1,"stat.pickup.minecraft.red_flower":14,"stat.sneakTime":8785,"stat.pickup.minecraft.wool":7,"stat.mineBlock.railcraft.ore_metal":33,"stat.pickup.railcraft.jaded_stone":9,"stat.pickup.minecraft.yellow_flower":2,"stat.drop.minecraft.grass":1,"stat.craftItem.travellersbackpack.backpack_tank":2,"stat.pickup.minecraft.chest":3,"stat.drop.minecraft.stone_pickaxe":2,"stat.pickup.minecraft.bone":15,"stat.mineBlock.dragonmounts.dragon_egg":2,"stat.mineBlock.minecraft.cobblestone":52,"stat.pickup.minecraft.stone_pickaxe":2,"stat.entityKilledBy.galath":3,"stat.drop.minecraft.mossy_cobblestone":4,"stat.mineBlock.traverse.yellow_autumnal_leaves":1,"stat.craftItem.minecraft.wool":2,"stat.craftItem.zawa.reptile_meat_cooked":1,"stat.swimOneCm":98820,"stat.climbOneCm":3859,"stat.drop.minecraft.cobblestone":3,"stat.drop.minecraft.brown_mushroom":1,"stat.useItem.chococraft.gysahl_green":77,"stat.useItem.minecraft.dirt":175,"stat.useItem.minecraft.stone_slab2":110,"stat.pickup.minecraft.bow":4,"stat.craftItem.minecraft.furnace":5,"stat.useItem.minecraft.red_flower":9,"stat.useItem.zawa.raw_frog_leg":1,"stat.craftItem.minecraft.iron_boots":1,"stat.useItem.minecraft.iron_ore":3,"stat.craftItem.minecraft.stone_pickaxe":2,"stat.pickup.minecraft.cobblestone":219,"stat.flyOneCm":1233930,"stat.pickup.minecraft.sandstone":1,"stat.drop.minecraft.wheat_seeds":8,"stat.craftItem.minecraft.wooden_slab":72,"stat.mineBlock.minecraft.iron_ore":87,"stat.timeSinceDeath":4532,"stat.pickup.railcraft.quarried_stone":64,"stat.useItem.minecraft.wooden_slab":70,"stat.pickup.minecraft.mutton":11,"stat.pickup.minecraft.mossy_cobblestone":6,"stat.killEntity.seaserpent":1,"stat.pickup.minecraft.stonebrick":8,"stat.drop.minecraft.dirt":13,"stat.useItem.minecraft.cooked_porkchop":13,"stat.pickup.ebwizardry.magic_crystal":1,"stat.mineBlock.minecraft.coal_ore":55,"stat.pickup.zawa.bush_meat_cooked":3,"stat.killEntity.Creeper":5,"stat.talkedToVillager":72,"stat.pickup.iceandfire.sea_serpent_fang":6,"stat.pickup.minecraft.string":10,"stat.pickup.tombstone.crafting_ingredient":5,"stat.entityKilledBy.Skeleton":2,"stat.craftItem.minecraft.stone_slab2":0,"stat.pickup.railcraft.ore_metal":28,"stat.pickup.zawa.reptile_meat_raw":2,"stat.sprintOneCm":696692,"stat.pickup.minecraft.chest_minecart":3,"stat.craftItem.minecraft.stick":52,"stat.pickup.minecraft.grass":3,"stat.mineBlock.minecraft.crafting_table":2,"stat.useItem.minecraft.wooden_shovel":26,"stat.pickup.chococraft.gysahl_green_seeds":149,"stat.entityKilledBy.Creeper":1,"stat.mineBlock.traverse.orange_autumnal_leaves":3,"stat.mineBlock.minecraft.planks":48,"stat.drop":123,"stat.pickup.ebwizardry.wizard_hat_sorcery":1,"stat.killEntity.Sheep":5,"stat.pickup.minecraft.slime_ball":1,"stat.killEntity.Zombie":30,"stat.craftItem.minecraft.dye":2,"stat.pickup.iceandfire.chared_dirt":9,"stat.mineBlock.minecraft.gold_ore":10,"stat.diveOneCm":104600,"stat.pickup.minecraft.wheat":8,"stat.mineBlock.minecraft.mossy_cobblestone":7,"stat.entityKilledBy.seaserpent":1,"stat.mineBlock.traverse.red_autumnal_leaves":5,"stat.drop.minecraft.wooden_pickaxe":1,"stat.useItem.railcraft.quarried":54,"stat.craftItem.minecraft.cooked_porkchop":13,"stat.useItem.minecraft.apple":4,"stat.craftItem.travellersbackpack.travellers_backpack":1,"stat.useItem.minecraft.porkchop":12,"stat.useItem.minecraft.rotten_flesh":40,"stat.pickup.minecraft.stone_brick_stairs":1,"stat.drop.minecraft.sandstone":1,"stat.jump":5509,"stat.pickup.minecraft.coal":149,"stat.pickup.minecraft.iron_ingot":4,"stat.pickup.minecraft.hopper_minecart":2,"stat.useItem.minecraft.stone_axe":89,"stat.pickup.dragonmounts.dragon_egg":2,"stat.pickup.iceandfire.chared_gravel":1,"stat.craftItem.minecraft.bread":2,"stat.pickup.minecraft.gunpowder":1,"stat.pickup.iceandfire.chared_stone":1,"stat.craftItem.minecraft.torch":32,"stat.pickup.minecraft.dirt":231,"stat.craftItem.minecraft.iron_helmet":1,"stat.useItem.zawa.reptile_meat_cooked":1,"stat.pickup.minecraft.iron_ore":131,"stat.useItem.minecraft.glass":3,"stat.mineBlock.mca.rose_gold_ore":7,"stat.boatOneCm":260541,"stat.useItem.minecraft.sapling":44,"stat.pickup.minecraft.gold_ore":11,"tombstone:sneak_grave":2,"stat.mineBlock.minecraft.glass_pane":2,"stat.drop.zawa.worm":38,"stat.mineBlock.minecraft.stone_stairs":3,"stat.damageTaken":7033,"stat.pickup.minecraft.leather":17,"stat.mineBlock.minecraft.torch":9,"stat.mineBlock.minecraft.furnace":5,"stat.mineBlock.minecraft.red_flower":14,"stat.useItem.minecraft.wooden_pickaxe":27,"stat.mineBlock.minecraft.sapling":1,"stat.pickup.minecraft.reeds":7,"stat.pickup.minecraft.bed":5,"stat.drop.chococraft.gysahl_green":1,"tombstone:undead_killed":51,"stat.useItem.tombstone.grave_key":2,"stat.pickup.minecraft.oak_stairs":5,"stat.entityKilledBy.Zombie":1,"stat.damageDealt":18902,"stat.craftItem.minecraft.glass":19,"stat.pickup.iceandfire.chared_grass":10,"stat.sleepInBed":7,"stat.pickup.chococraft.ability_fruit":26,"stat.pickup.chococraft.gysahl_green":79,"stat.killEntity.Cow":3,"stat.pickup.minecraft.minecart":2,"stat.killEntity.Pig":4,"stat.mineBlock.iceandfire.chared_dirt":5,"stat.craftItem.minecraft.iron_sword":1,"stat.pickup.minecraft.boat":1,"stat.walkOneCm":1056708,"stat.useItem.minecraft.chest":1,"stat.pickup.minecraft.stick":4,"stat.pickup.railcraft.ingot":3,"stat.pickup.wolfarmor.gold_wolf_armor":1,"stat.useItem.tombstone.gift":3,"stat.useItem.railcraft.tool_spike_maul_iron":10,"stat.pickup.minecraft.stone":17,"stat.craftItem.minecraft.iron_chestplate":1,"stat.drop.minecraft.emerald":2,"stat.pickup.minecraft.ender_pearl":3,"stat.drop.chococraft.gysahl_green_seeds":80,"stat.useItem.iceandfire.chared_grass":4,"stat.killEntity.Skeleton":18,"stat.mineBlock.minecraft.stonebrick":8,"stat.drop.iceandfire.ash":2,"stat.pickup.iceandfire.sea_serpent_scales_red":1,"stat.killEntity.Spider":4,"stat.pickup.minecraft.bread":2,"stat.mobKills":97,"stat.useItem.minecraft.boat":4,"stat.useItem.minecraft.mossy_cobblestone":1,"stat.pickup.minecraft.diamond":2,"stat.mineBlock.minecraft.leaves":16,"stat.pickup.minecraft.torch":15,"stat.drop.minecraft.arrow":6,"stat.mineBlock.minecraft.stone":130}