{"stat.leaveGame":2,"stat.mineBlock.minecraft.cobblestone":6,"stat.useItem.minecraft.mutton":11,"stat.swimOneCm":20170,"stat.pickup.zawa.worm":9,"stat.craftItem.zawa.bush_meat_cooked":2,"stat.useItem.minecraft.planks":1,"stat.pickup.minecraft.porkchop":22,"stat.useItem.chococraft.gysahl_green":18,"stat.useItem.minecraft.dirt":4,"stat.useItem.minecraft.stone_slab2":10,"stat.pickup.minecraft.rotten_flesh":9,"stat.pickup.minecraft.sand":19,"stat.craftItem.minecraft.furnace":4,"stat.craftItem.minecraft.stone_axe":1,"stat.craftItem.minecraft.stone_pickaxe":1,"stat.pickup.minecraft.cobblestone":124,"stat.craftItem.minecraft.stone_sword":1,"stat.flyOneCm":295399,"stat.mineBlock.minecraft.sand":19,"stat.drop.minecraft.wheat_seeds":2,"stat.mineBlock.minecraft.iron_ore":5,"stat.timeSinceDeath":58893,"stat.useItem.minecraft.iron_pickaxe":32,"stat.craftItem.minecraft.wooden_pickaxe":1,"stat.pickup.minecraft.mutton":11,"stat.pickup.minecraft.mossy_cobblestone":6,"stat.furnaceInteraction":21,"stat.drop.minecraft.dirt":5,"stat.useItem.minecraft.cooked_porkchop":3,"stat.mineBlock.minecraft.coal_ore":21,"stat.craftItem.minecraft.stone_slab2":0,"stat.useItem.zawa.cooked_frog_leg":1,"stat.pickup.railcraft.ore_metal":10,"stat.sprintOneCm":132295,"stat.craftItem.minecraft.stick":12,"stat.useItem.minecraft.wheat_seeds":2,"stat.mineBlock.minecraft.crafting_table":1,"stat.useItem.minecraft.wooden_shovel":26,"stat.pickup.dynamictrees.oakseed":1,"stat.pickup.chococraft.gysahl_green_seeds":44,"stat.drop":20,"stat.playOneMinute":58893,"stat.craftItem.minecraft.wooden_shovel":1,"stat.killEntity.Sheep":5,"stat.craftItem.minecraft.iron_pickaxe":1,"stat.killEntity.Zombie":3,"stat.pickup.zawa.care_guide":1,"stat.mineBlock.minecraft.tallgrass":20,"stat.diveOneCm":25099,"stat.pickup.minecraft.wheat":3,"stat.chestOpened":14,"stat.mineBlock.minecraft.mossy_cobblestone":7,"stat.drop.minecraft.wooden_pickaxe":1,"stat.pickup.minecraft.iron_sword":1,"stat.craftItem.minecraft.cooked_porkchop":10,"stat.useItem.minecraft.porkchop":12,"stat.pickup.minecraft.gold_nugget":30,"stat.jump":1368,"stat.pickup.minecraft.coal":21,"stat.fallOneCm":37695,"stat.useItem.minecraft.stone_axe":1,"stat.craftItem.minecraft.bread":1,"stat.crouchOneCm":6654,"stat.craftItem.minecraft.iron_ingot":3,"stat.pickup.minecraft.dirt":10,"stat.craftingTableInteraction":8,"stat.pickup.minecraft.iron_ore":6,"stat.pickup.iceandfire.silver_ore":1,"stat.drop.zawa.worm":1,"stat.damageTaken":715,"stat.mineBlock.minecraft.torch":1,"stat.useItem.minecraft.wooden_pickaxe":27,"stat.useItem.minecraft.furnace":2,"stat.useItem.minecraft.reeds":2,"stat.pickup.zawa.raw_frog_leg":1,"stat.pickup.minecraft.reeds":7,"stat.drop.chococraft.gysahl_green":1,"tombstone:undead_killed":3,"stat.pickup.minecraft.wheat_seeds":8,"stat.useItem.minecraft.stone_pickaxe":61,"stat.useItem.minecraft.stone_sword":41,"stat.damageDealt":1682,"stat.pickup.zawa.bush_meat_raw":2,"stat.sleepInBed":3,"stat.pickup.chococraft.gysahl_green":19,"stat.mineBlock.minecraft.dirt":9,"stat.killEntity.Pig":4,"stat.walkOneCm":167585,"stat.useItem.minecraft.bread":1,"stat.useItem.minecraft.torch":4,"stat.pickup.minecraft.stick":1,"stat.mineBlock.iceandfire.silver_ore":1,"stat.pickup.minecraft.crafting_table":1,"stat.useItem.minecraft.cobblestone":7,"stat.craftItem.minecraft.crafting_table":3,"stat.pickup.minecraft.log":17,"stat.useItem.zawa.bush_meat_cooked":2,"stat.craftItem.minecraft.gold_ingot":1,"stat.pickup.minecraft.stone":3,"stat.drop.minecraft.gold_nugget":3,"stat.drop.chococraft.gysahl_green_seeds":19,"stat.mineBlock.iceandfire.goldpile":4,"stat.craftItem.minecraft.planks":68,"stat.craftItem.zawa.cooked_frog_leg":1,"stat.mobKills":19,"stat.mineBlock.minecraft.log":6,"stat.useItem.minecraft.mossy_cobblestone":1,"stat.mineBlock.minecraft.leaves":1,"stat.pickup.minecraft.torch":5,"stat.sneakTime":1881,"stat.pickup.minecraft.wool":7,"stat.mineBlock.railcraft.ore_metal":13,"stat.mineBlock.minecraft.stone":67}