{"stat.chestOpened":1,"stat.walkOneCm":31515,"stat.craftItem.minecraft.planks":24,"stat.useItem.minecraft.wheat_seeds":2,"stat.pickup.minecraft.crafting_table":1,"stat.damageTaken":40,"stat.mineBlock.minecraft.crafting_table":1,"stat.craftItem.minecraft.crafting_table":1,"stat.useItem.minecraft.wooden_pickaxe":14,"stat.pickup.minecraft.cobblestone":12,"stat.mineBlock.minecraft.log":6,"stat.pickup.chococraft.gysahl_green_seeds":3,"stat.pickup.minecraft.log":6,"stat.flyOneCm":33883,"stat.drop":3,"stat.pickup.minecraft.wheat_seeds":5,"stat.jump":157,"stat.swimOneCm":4343,"stat.playOneMinute":11135,"stat.fallOneCm":4259,"stat.craftItem.minecraft.wooden_shovel":1,"stat.sneakTime":361,"stat.damageDealt":4,"stat.crouchOneCm":1392,"stat.pickup.zawa.care_guide":1,"stat.timeSinceDeath":11135,"stat.pickup.chococraft.gysahl_green":1,"stat.useItem.chococraft.gysahl_green":1,"stat.sprintOneCm":24419,"stat.useItem.minecraft.stone_slab2":4,"stat.craftItem.minecraft.wooden_pickaxe":1,"stat.mineBlock.minecraft.stone":14,"stat.diveOneCm":6657,"stat.pickup.minecraft.wheat":3,"stat.craftItem.minecraft.stick":4,"stat.drop.chococraft.gysahl_green_seeds":3,"stat.craftingTableInteraction":1}