{"stat.useItem.minecraft.bow":1,"stat.pickup.minecraft.wooden_slab":9,"stat.leaveGame":4,"stat.useItem.minecraft.mutton":11,"stat.pickup.zawa.worm":9,"stat.craftItem.zawa.bush_meat_cooked":2,"stat.useItem.minecraft.planks":432,"stat.pickup.minecraft.porkchop":25,"stat.mineBlock.railcraft.quarried_stone":64,"stat.pickup.minecraft.rotten_flesh":19,"stat.pickup.zawa.river_stone":1,"stat.pickup.minecraft.sand":19,"stat.craftItem.minecraft.stone_axe":2,"stat.killEntity.Enderman":2,"stat.mineBlock.minecraft.wooden_slab":5,"stat.craftItem.minecraft.stone_sword":1,"stat.useItem.minecraft.ender_pearl":1,"stat.craftItem.minecraft.iron_shovel":1,"stat.mineBlock.minecraft.sand":19,"stat.killEntity.Witch":2,"stat.useItem.minecraft.iron_pickaxe":261,"stat.craftItem.minecraft.wooden_pickaxe":1,"stat.useItem.minecraft.iron_shovel":69,"stat.drop.minecraft.wooden_shovel":1,"stat.useItem.minecraft.oak_stairs":72,"stat.furnaceInteraction":93,"stat.pickup.minecraft.furnace":5,"stat.useItem.zawa.cooked_frog_leg":1,"stat.pickup.travellersbackpack.travellers_backpack":2,"stat.pickup.mca.rose_gold_ore":7,"stat.useItem.minecraft.wheat_seeds":2,"stat.pickup.minecraft.emerald":9,"stat.mineBlock.zawa.river_stone":1,"stat.pickup.dynamictrees.oakseed":1,"stat.mineBlock.minecraft.oak_stairs":5,"stat.deaths":3,"stat.playOneMinute":166618,"stat.craftItem.minecraft.wooden_shovel":1,"stat.craftItem.minecraft.iron_pickaxe":3,"stat.pickup.zawa.care_guide":1,"stat.mineBlock.minecraft.tallgrass":27,"stat.chestOpened":45,"stat.useItem.minecraft.stone":1,"stat.pickup.minecraft.iron_sword":1,"stat.pickup.minecraft.waterlily":2,"stat.pickup.minecraft.arrow":2,"stat.pickup.minecraft.gold_nugget":30,"stat.fallOneCm":77027,"stat.crouchOneCm":23421,"stat.mineBlock.minecraft.chest":2,"stat.craftItem.minecraft.iron_ingot":44,"stat.craftItem.minecraft.chest":1,"stat.craftingTableInteraction":30,"stat.pickup.iceandfire.silver_ore":1,"stat.useItem.minecraft.furnace":3,"stat.useItem.minecraft.reeds":2,"stat.pickup.zawa.raw_frog_leg":1,"stat.pickup.minecraft.planks":37,"stat.pickup.minecraft.wheat_seeds":9,"stat.useItem.minecraft.stone_pickaxe":109,"stat.mineBlock.minecraft.glass":5,"stat.useItem.minecraft.stone_sword":132,"stat.craftItem.minecraft.iron_leggings":1,"stat.pickup.zawa.bush_meat_raw":2,"stat.craftItem.minecraft.oak_stairs":72,"stat.mineBlock.minecraft.dirt":87,"stat.useItem.minecraft.bread":1,"stat.useItem.minecraft.torch":38,"stat.mineBlock.iceandfire.silver_ore":1,"stat.pickup.minecraft.crafting_table":2,"stat.useItem.minecraft.log":101,"stat.useItem.minecraft.cobblestone":108,"stat.craftItem.minecraft.crafting_table":3,"stat.craftItem.minecraft.boat":2,"stat.craftItem.travellersbackpack.sleeping_bag_bottom":1,"stat.mineBlock.minecraft.emerald_ore":9,"stat.pickup.minecraft.log":259,"stat.useItem.zawa.bush_meat_cooked":2,"stat.craftItem.minecraft.gold_ingot":1,"stat.drop.minecraft.sapling":2,"stat.drop.minecraft.gold_nugget":3,"stat.pickup.minecraft.sapling":95,"stat.drop.minecraft.bow":2,"stat.drop.dynamictrees.oakseed":1,"stat.mineBlock.iceandfire.goldpile":4,"stat.craftItem.minecraft.planks":628,"stat.useItem.minecraft.iron_sword":21,"stat.craftItem.zawa.cooked_frog_leg":1,"stat.mineBlock.minecraft.log":249,"stat.mineBlock.minecraft.waterlily":2,"stat.pickup.minecraft.red_flower":14,"stat.sneakTime":6997,"stat.pickup.minecraft.wool":7,"stat.mineBlock.railcraft.ore_metal":33,"stat.craftItem.travellersbackpack.backpack_tank":2,"stat.pickup.minecraft.chest":2,"stat.drop.minecraft.stone_pickaxe":2,"stat.pickup.minecraft.bone":5,"stat.mineBlock.dragonmounts.dragon_egg":2,"stat.mineBlock.minecraft.cobblestone":23,"stat.pickup.minecraft.stone_pickaxe":2,"stat.drop.minecraft.mossy_cobblestone":4,"stat.mineBlock.traverse.yellow_autumnal_leaves":1,"stat.craftItem.minecraft.wool":2,"stat.swimOneCm":48187,"stat.climbOneCm":116,"stat.useItem.chococraft.gysahl_green":24,"stat.useItem.minecraft.dirt":147,"stat.useItem.minecraft.stone_slab2":72,"stat.pickup.minecraft.bow":3,"stat.craftItem.minecraft.furnace":5,"stat.useItem.minecraft.red_flower":9,"stat.craftItem.minecraft.iron_boots":1,"stat.craftItem.minecraft.stone_pickaxe":2,"stat.pickup.minecraft.cobblestone":180,"stat.flyOneCm":629278,"stat.drop.minecraft.wheat_seeds":2,"stat.craftItem.minecraft.wooden_slab":72,"stat.mineBlock.minecraft.iron_ore":80,"stat.timeSinceDeath":23921,"stat.pickup.railcraft.quarried_stone":64,"stat.useItem.minecraft.wooden_slab":70,"stat.pickup.minecraft.mutton":11,"stat.pickup.minecraft.mossy_cobblestone":6,"stat.drop.minecraft.dirt":5,"stat.useItem.minecraft.cooked_porkchop":12,"stat.mineBlock.minecraft.coal_ore":55,"stat.pickup.minecraft.string":3,"stat.pickup.tombstone.crafting_ingredient":2,"stat.craftItem.minecraft.stone_slab2":0,"stat.pickup.railcraft.ore_metal":28,"stat.sprintOneCm":325619,"stat.craftItem.minecraft.stick":52,"stat.mineBlock.minecraft.crafting_table":2,"stat.useItem.minecraft.wooden_shovel":26,"stat.pickup.chococraft.gysahl_green_seeds":56,"stat.mineBlock.traverse.orange_autumnal_leaves":3,"stat.mineBlock.minecraft.planks":37,"stat.drop":33,"stat.killEntity.Sheep":5,"stat.killEntity.Zombie":14,"stat.craftItem.minecraft.dye":2,"stat.diveOneCm":87119,"stat.pickup.minecraft.wheat":3,"stat.mineBlock.minecraft.mossy_cobblestone":7,"stat.entityKilledBy.seaserpent":1,"stat.drop.minecraft.wooden_pickaxe":1,"stat.craftItem.minecraft.cooked_porkchop":13,"stat.craftItem.travellersbackpack.travellers_backpack":1,"stat.useItem.minecraft.porkchop":12,"stat.useItem.minecraft.rotten_flesh":16,"stat.jump":2775,"stat.pickup.minecraft.coal":128,"stat.pickup.minecraft.iron_ingot":1,"stat.useItem.minecraft.stone_axe":89,"stat.pickup.dragonmounts.dragon_egg":2,"stat.craftItem.minecraft.bread":1,"stat.craftItem.minecraft.torch":32,"stat.pickup.minecraft.dirt":102,"stat.craftItem.minecraft.iron_helmet":1,"stat.pickup.minecraft.iron_ore":124,"stat.useItem.minecraft.glass":3,"stat.mineBlock.mca.rose_gold_ore":7,"stat.boatOneCm":82423,"stat.useItem.minecraft.sapling":44,"tombstone:sneak_grave":1,"stat.drop.zawa.worm":1,"stat.damageTaken":2561,"stat.pickup.minecraft.leather":8,"stat.mineBlock.minecraft.torch":8,"stat.mineBlock.minecraft.furnace":5,"stat.mineBlock.minecraft.red_flower":14,"stat.useItem.minecraft.wooden_pickaxe":27,"stat.mineBlock.minecraft.sapling":1,"stat.pickup.minecraft.reeds":7,"stat.pickup.minecraft.bed":2,"stat.drop.chococraft.gysahl_green":1,"tombstone:undead_killed":20,"stat.pickup.minecraft.oak_stairs":5,"stat.damageDealt":6793,"stat.craftItem.minecraft.glass":19,"stat.sleepInBed":4,"stat.pickup.chococraft.gysahl_green":25,"stat.killEntity.Pig":4,"stat.pickup.minecraft.boat":1,"stat.walkOneCm":573491,"stat.useItem.minecraft.chest":1,"stat.pickup.minecraft.stick":1,"stat.useItem.tombstone.gift":1,"stat.pickup.minecraft.stone":7,"stat.craftItem.minecraft.iron_chestplate":1,"stat.pickup.minecraft.ender_pearl":1,"stat.drop.chococraft.gysahl_green_seeds":31,"stat.killEntity.Skeleton":6,"stat.killEntity.Spider":3,"stat.mobKills":43,"stat.useItem.minecraft.boat":2,"stat.useItem.minecraft.mossy_cobblestone":1,"stat.mineBlock.minecraft.leaves":16,"stat.pickup.minecraft.torch":12,"stat.mineBlock.minecraft.stone":110}