{"stat.chestOpened":14,"stat.mineBlock.minecraft.mossy_cobblestone":7,"stat.drop.minecraft.wooden_pickaxe":1,"stat.leaveGame":1,"stat.pickup.minecraft.iron_sword":1,"stat.mineBlock.minecraft.cobblestone":6,"stat.craftItem.minecraft.cooked_porkchop":10,"stat.useItem.minecraft.porkchop":12,"stat.pickup.minecraft.gold_nugget":23,"stat.useItem.minecraft.mutton":11,"stat.jump":1100,"stat.swimOneCm":16655,"stat.pickup.zawa.worm":8,"stat.craftItem.zawa.bush_meat_cooked":2,"stat.fallOneCm":30192,"stat.useItem.minecraft.planks":1,"stat.craftItem.minecraft.bread":1,"stat.pickup.minecraft.porkchop":22,"stat.crouchOneCm":3819,"stat.useItem.chococraft.gysahl_green":18,"stat.pickup.minecraft.dirt":1,"stat.useItem.minecraft.stone_slab2":7,"stat.craftingTableInteraction":5,"stat.pickup.minecraft.iron_ore":1,"stat.pickup.minecraft.rotten_flesh":9,"stat.craftItem.minecraft.furnace":3,"stat.craftItem.minecraft.stone_axe":1,"stat.damageTaken":705,"stat.craftItem.minecraft.stone_pickaxe":1,"stat.mineBlock.minecraft.torch":1,"stat.useItem.minecraft.wooden_pickaxe":27,"stat.useItem.minecraft.furnace":2,"stat.pickup.minecraft.cobblestone":109,"stat.pickup.zawa.raw_frog_leg":1,"stat.craftItem.minecraft.stone_sword":1,"stat.flyOneCm":244902,"stat.drop.chococraft.gysahl_green":1,"tombstone:undead_killed":3,"stat.pickup.minecraft.wheat_seeds":8,"stat.drop.minecraft.wheat_seeds":2,"stat.useItem.minecraft.stone_pickaxe":35,"stat.useItem.minecraft.stone_sword":41,"stat.damageDealt":1682,"stat.pickup.zawa.bush_meat_raw":2,"stat.sleepInBed":3,"stat.timeSinceDeath":47505,"stat.pickup.chococraft.gysahl_green":19,"stat.mineBlock.minecraft.dirt":1,"stat.craftItem.minecraft.wooden_pickaxe":1,"stat.killEntity.Pig":4,"stat.pickup.minecraft.mutton":11,"stat.pickup.minecraft.mossy_cobblestone":6,"stat.walkOneCm":142814,"stat.useItem.minecraft.bread":1,"stat.useItem.minecraft.torch":4,"stat.pickup.minecraft.crafting_table":1,"stat.craftItem.minecraft.crafting_table":2,"stat.furnaceInteraction":17,"stat.useItem.minecraft.cooked_porkchop":3,"stat.pickup.minecraft.log":6,"stat.useItem.zawa.bush_meat_cooked":2,"stat.craftItem.minecraft.stone_slab2":0,"stat.useItem.zawa.cooked_frog_leg":1,"stat.drop.minecraft.gold_nugget":3,"stat.sprintOneCm":110550,"stat.craftItem.minecraft.stick":12,"stat.drop.chococraft.gysahl_green_seeds":19,"stat.mineBlock.iceandfire.goldpile":3,"stat.craftItem.minecraft.planks":24,"stat.useItem.minecraft.wheat_seeds":2,"stat.mineBlock.minecraft.crafting_table":1,"stat.craftItem.zawa.cooked_frog_leg":1,"stat.mobKills":19,"stat.mineBlock.minecraft.log":6,"stat.pickup.chococraft.gysahl_green_seeds":44,"stat.useItem.minecraft.mossy_cobblestone":1,"stat.drop":18,"stat.mineBlock.minecraft.leaves":1,"stat.playOneMinute":47505,"stat.craftItem.minecraft.wooden_shovel":1,"stat.pickup.minecraft.torch":5,"stat.killEntity.Sheep":5,"stat.sneakTime":1141,"stat.pickup.minecraft.wool":7,"stat.killEntity.Zombie":3,"stat.pickup.zawa.care_guide":1,"stat.mineBlock.minecraft.stone":49,"stat.mineBlock.minecraft.tallgrass":20,"stat.diveOneCm":14569,"stat.pickup.minecraft.wheat":3}