{"stat.pickup.minecraft.bone":3,"stat.leaveGame":3,"stat.mineBlock.dragonmounts.dragon_egg":2,"stat.mineBlock.minecraft.cobblestone":13,"stat.pickup.minecraft.stone_pickaxe":1,"stat.drop.minecraft.mossy_cobblestone":4,"stat.craftItem.minecraft.wool":2,"stat.useItem.minecraft.mutton":11,"stat.swimOneCm":47506,"stat.pickup.zawa.worm":9,"stat.craftItem.zawa.bush_meat_cooked":2,"stat.useItem.minecraft.planks":116,"stat.climbOneCm":116,"stat.pickup.minecraft.porkchop":22,"stat.useItem.chococraft.gysahl_green":24,"stat.useItem.minecraft.dirt":147,"stat.useItem.minecraft.stone_slab2":44,"stat.pickup.minecraft.bow":2,"stat.pickup.minecraft.rotten_flesh":17,"stat.pickup.minecraft.sand":19,"stat.craftItem.minecraft.furnace":5,"stat.useItem.minecraft.red_flower":9,"stat.craftItem.minecraft.stone_axe":1,"stat.craftItem.minecraft.iron_boots":1,"stat.craftItem.minecraft.stone_pickaxe":1,"stat.killEntity.Enderman":2,"stat.pickup.minecraft.cobblestone":170,"stat.craftItem.minecraft.stone_sword":1,"stat.flyOneCm":497917,"stat.useItem.minecraft.ender_pearl":1,"stat.craftItem.minecraft.iron_shovel":1,"stat.mineBlock.minecraft.sand":19,"stat.killEntity.Witch":2,"stat.drop.minecraft.wheat_seeds":2,"stat.mineBlock.minecraft.iron_ore":80,"stat.timeSinceDeath":31615,"stat.useItem.minecraft.iron_pickaxe":197,"stat.craftItem.minecraft.wooden_pickaxe":1,"stat.pickup.minecraft.mutton":11,"stat.pickup.minecraft.mossy_cobblestone":6,"stat.useItem.minecraft.iron_shovel":69,"stat.drop.minecraft.wooden_shovel":1,"stat.furnaceInteraction":86,"stat.drop.minecraft.dirt":5,"stat.useItem.minecraft.cooked_porkchop":10,"stat.mineBlock.minecraft.coal_ore":55,"stat.pickup.minecraft.string":2,"stat.pickup.minecraft.furnace":5,"stat.pickup.tombstone.crafting_ingredient":2,"stat.craftItem.minecraft.stone_slab2":0,"stat.useItem.zawa.cooked_frog_leg":1,"stat.pickup.railcraft.ore_metal":28,"stat.pickup.travellersbackpack.travellers_backpack":1,"stat.sprintOneCm":243297,"stat.craftItem.minecraft.stick":12,"stat.pickup.mca.rose_gold_ore":7,"stat.useItem.minecraft.wheat_seeds":2,"stat.mineBlock.minecraft.crafting_table":2,"stat.useItem.minecraft.wooden_shovel":26,"stat.pickup.minecraft.emerald":9,"stat.pickup.dynamictrees.oakseed":1,"stat.pickup.chococraft.gysahl_green_seeds":56,"stat.mineBlock.traverse.orange_autumnal_leaves":2,"stat.deaths":2,"stat.mineBlock.minecraft.planks":13,"stat.drop":31,"stat.playOneMinute":130526,"stat.craftItem.minecraft.wooden_shovel":1,"stat.killEntity.Sheep":5,"stat.craftItem.minecraft.iron_pickaxe":1,"stat.killEntity.Zombie":13,"stat.pickup.zawa.care_guide":1,"stat.craftItem.minecraft.dye":2,"stat.mineBlock.minecraft.tallgrass":26,"stat.diveOneCm":85668,"stat.pickup.minecraft.wheat":3,"stat.chestOpened":29,"stat.mineBlock.minecraft.mossy_cobblestone":7,"stat.entityKilledBy.seaserpent":1,"stat.useItem.minecraft.stone":1,"stat.drop.minecraft.wooden_pickaxe":1,"stat.pickup.minecraft.iron_sword":1,"stat.pickup.minecraft.waterlily":2,"stat.pickup.minecraft.arrow":2,"stat.craftItem.minecraft.cooked_porkchop":10,"stat.craftItem.travellersbackpack.travellers_backpack":1,"stat.useItem.minecraft.porkchop":12,"stat.pickup.minecraft.gold_nugget":30,"stat.useItem.minecraft.rotten_flesh":12,"stat.jump":2425,"stat.pickup.minecraft.coal":128,"stat.fallOneCm":64003,"stat.pickup.minecraft.iron_ingot":1,"stat.useItem.minecraft.stone_axe":33,"stat.pickup.dragonmounts.dragon_egg":2,"stat.craftItem.minecraft.bread":1,"stat.crouchOneCm":22334,"stat.mineBlock.minecraft.chest":2,"stat.craftItem.minecraft.iron_ingot":37,"stat.craftItem.minecraft.chest":1,"stat.pickup.minecraft.dirt":102,"stat.craftItem.minecraft.iron_helmet":1,"stat.craftingTableInteraction":29,"stat.pickup.minecraft.iron_ore":124,"stat.useItem.minecraft.glass":3,"stat.mineBlock.mca.rose_gold_ore":7,"stat.pickup.iceandfire.silver_ore":1,"stat.boatOneCm":82423,"stat.useItem.minecraft.sapling":26,"tombstone:sneak_grave":1,"stat.drop.zawa.worm":1,"stat.damageTaken":2024,"stat.pickup.minecraft.leather":8,"stat.mineBlock.minecraft.torch":5,"stat.mineBlock.minecraft.furnace":5,"stat.mineBlock.minecraft.red_flower":13,"stat.useItem.minecraft.wooden_pickaxe":27,"stat.useItem.minecraft.furnace":3,"stat.useItem.minecraft.reeds":2,"stat.pickup.zawa.raw_frog_leg":1,"stat.mineBlock.minecraft.sapling":1,"stat.pickup.minecraft.planks":13,"stat.pickup.minecraft.reeds":7,"stat.pickup.minecraft.bed":1,"stat.drop.chococraft.gysahl_green":1,"tombstone:undead_killed":17,"stat.pickup.minecraft.wheat_seeds":9,"stat.useItem.minecraft.stone_pickaxe":99,"stat.mineBlock.minecraft.glass":5,"stat.useItem.minecraft.stone_sword":112,"stat.craftItem.minecraft.iron_leggings":1,"stat.damageDealt":5930,"stat.pickup.zawa.bush_meat_raw":2,"stat.craftItem.minecraft.glass":19,"stat.sleepInBed":4,"stat.pickup.chococraft.gysahl_green":25,"stat.mineBlock.minecraft.dirt":87,"stat.killEntity.Pig":4,"stat.pickup.minecraft.boat":1,"stat.walkOneCm":366493,"stat.useItem.minecraft.bread":1,"stat.useItem.minecraft.torch":4,"stat.pickup.minecraft.stick":1,"stat.mineBlock.iceandfire.silver_ore":1,"stat.pickup.minecraft.crafting_table":2,"stat.useItem.minecraft.log":15,"stat.useItem.minecraft.cobblestone":70,"stat.craftItem.minecraft.crafting_table":3,"stat.craftItem.minecraft.boat":2,"stat.craftItem.travellersbackpack.sleeping_bag_bottom":1,"stat.mineBlock.minecraft.emerald_ore":9,"stat.pickup.minecraft.log":105,"stat.useItem.zawa.bush_meat_cooked":2,"stat.useItem.tombstone.gift":1,"stat.craftItem.minecraft.gold_ingot":1,"stat.pickup.minecraft.stone":7,"stat.craftItem.minecraft.iron_chestplate":1,"stat.drop.minecraft.sapling":2,"stat.drop.minecraft.gold_nugget":3,"stat.pickup.minecraft.ender_pearl":1,"stat.pickup.minecraft.sapling":45,"stat.drop.chococraft.gysahl_green_seeds":31,"stat.killEntity.Skeleton":4,"stat.drop.minecraft.bow":2,"stat.drop.dynamictrees.oakseed":1,"stat.mineBlock.iceandfire.goldpile":4,"stat.craftItem.minecraft.planks":176,"stat.useItem.minecraft.iron_sword":21,"stat.killEntity.Spider":2,"stat.craftItem.zawa.cooked_frog_leg":1,"stat.mobKills":39,"stat.mineBlock.minecraft.log":95,"stat.mineBlock.minecraft.waterlily":2,"stat.useItem.minecraft.boat":2,"stat.useItem.minecraft.mossy_cobblestone":1,"stat.mineBlock.minecraft.leaves":14,"stat.pickup.minecraft.torch":9,"stat.pickup.minecraft.red_flower":13,"stat.sneakTime":6528,"stat.pickup.minecraft.wool":7,"stat.mineBlock.railcraft.ore_metal":33,"stat.mineBlock.minecraft.stone":110,"stat.craftItem.travellersbackpack.backpack_tank":2,"stat.pickup.minecraft.chest":2}