{"stat.chestOpened":8,"stat.mineBlock.minecraft.mossy_cobblestone":3,"stat.drop.minecraft.wooden_pickaxe":1,"stat.leaveGame":1,"stat.mineBlock.minecraft.cobblestone":2,"stat.pickup.minecraft.gold_nugget":6,"stat.jump":247,"stat.swimOneCm":8882,"stat.pickup.zawa.worm":8,"stat.craftItem.zawa.bush_meat_cooked":2,"stat.fallOneCm":6140,"stat.useItem.minecraft.planks":1,"stat.craftItem.minecraft.bread":1,"stat.crouchOneCm":1941,"stat.useItem.chococraft.gysahl_green":1,"stat.useItem.minecraft.stone_slab2":6,"stat.craftingTableInteraction":3,"stat.pickup.minecraft.iron_ore":1,"stat.pickup.minecraft.rotten_flesh":3,"stat.craftItem.minecraft.furnace":3,"stat.damageTaken":90,"stat.craftItem.minecraft.stone_pickaxe":1,"stat.useItem.minecraft.wooden_pickaxe":27,"stat.useItem.minecraft.furnace":2,"stat.pickup.minecraft.cobblestone":105,"stat.pickup.zawa.raw_frog_leg":1,"stat.flyOneCm":56016,"stat.pickup.minecraft.wheat_seeds":7,"stat.drop.minecraft.wheat_seeds":2,"stat.useItem.minecraft.stone_pickaxe":27,"stat.damageDealt":4,"stat.pickup.zawa.bush_meat_raw":2,"stat.sleepInBed":3,"stat.timeSinceDeath":23205,"stat.pickup.chococraft.gysahl_green":1,"stat.craftItem.minecraft.wooden_pickaxe":1,"stat.pickup.minecraft.mossy_cobblestone":2,"stat.walkOneCm":58607,"stat.useItem.minecraft.bread":1,"stat.pickup.minecraft.crafting_table":1,"stat.craftItem.minecraft.crafting_table":1,"stat.furnaceInteraction":7,"stat.pickup.minecraft.log":6,"stat.useItem.zawa.bush_meat_cooked":2,"stat.craftItem.minecraft.stone_slab2":0,"stat.useItem.zawa.cooked_frog_leg":1,"stat.drop.minecraft.gold_nugget":3,"stat.sprintOneCm":34539,"stat.craftItem.minecraft.stick":8,"stat.drop.chococraft.gysahl_green_seeds":3,"stat.mineBlock.iceandfire.goldpile":1,"stat.craftItem.minecraft.planks":24,"stat.useItem.minecraft.wheat_seeds":2,"stat.mineBlock.minecraft.crafting_table":1,"stat.craftItem.zawa.cooked_frog_leg":1,"stat.mineBlock.minecraft.log":6,"stat.pickup.chococraft.gysahl_green_seeds":3,"stat.useItem.minecraft.mossy_cobblestone":1,"stat.drop":9,"stat.playOneMinute":23205,"stat.craftItem.minecraft.wooden_shovel":1,"stat.pickup.minecraft.torch":4,"stat.sneakTime":637,"stat.pickup.zawa.care_guide":1,"stat.mineBlock.minecraft.stone":49,"stat.mineBlock.minecraft.tallgrass":16,"stat.diveOneCm":10044,"stat.pickup.minecraft.wheat":3}