{"stat.useItem.minecraft.bow":1,"stat.drop.minecraft.waterlily":1,"stat.pickup.minecraft.wooden_slab":9,"stat.mineBlock.iceandfire.chared_grass":5,"stat.leaveGame":6,"stat.useItem.minecraft.mutton":11,"stat.pickup.zawa.worm":47,"stat.craftItem.zawa.bush_meat_cooked":5,"stat.useItem.minecraft.planks":437,"stat.pickup.minecraft.porkchop":25,"stat.mineBlock.railcraft.quarried_stone":64,"stat.pickup.minecraft.rotten_flesh":53,"stat.pickup.zawa.river_stone":1,"stat.pickup.minecraft.sand":19,"stat.craftItem.minecraft.stone_axe":2,"stat.killEntity.Enderman":4,"stat.mineBlock.minecraft.wooden_slab":5,"stat.pickup.zawa.reptile_hide":1,"stat.craftItem.minecraft.stone_sword":1,"stat.useItem.minecraft.ender_pearl":1,"stat.craftItem.minecraft.iron_shovel":1,"stat.pickup.minecraft.brown_mushroom":1,"stat.mineBlock.minecraft.sand":19,"stat.pickup.iceandfire.ash":2,"stat.killEntity.Witch":2,"stat.useItem.minecraft.iron_pickaxe":364,"stat.drop.minecraft.diamond":2,"stat.craftItem.minecraft.wooden_pickaxe":1,"stat.useItem.minecraft.iron_shovel":201,"stat.drop.minecraft.wooden_shovel":1,"stat.useItem.minecraft.oak_stairs":72,"stat.furnaceInteraction":133,"stat.killEntity.ZombieVillager":3,"stat.pickup.minecraft.furnace":5,"stat.useItem.zawa.cooked_frog_leg":1,"stat.pickup.travellersbackpack.travellers_backpack":2,"stat.pickup.mca.rose_gold_ore":7,"stat.pickup.railcraft.quarried":1,"stat.pickup.minecraft.stone_stairs":2,"stat.useItem.minecraft.wheat_seeds":2,"stat.useItem.iceandfire.chared_dirt":3,"stat.pickup.minecraft.emerald":18,"stat.mineBlock.zawa.river_stone":1,"stat.pickup.dynamictrees.oakseed":1,"stat.mineBlock.minecraft.oak_stairs":5,"stat.deaths":8,"stat.drop.railcraft.jaded_stone":9,"stat.mineBlock.iceandfire.chared_gravel":1,"stat.playOneMinute":279949,"stat.craftItem.minecraft.wooden_shovel":1,"stat.craftItem.minecraft.iron_pickaxe":3,"stat.mineBlock.minecraft.brown_mushroom_block":11,"stat.pickup.zawa.care_guide":1,"stat.mineBlock.minecraft.tallgrass":34,"stat.chestOpened":94,"stat.craftItem.railcraft.quarried":64,"stat.useItem.minecraft.stone":1,"stat.pickup.minecraft.iron_sword":1,"stat.pickup.minecraft.waterlily":3,"stat.pickup.minecraft.arrow":13,"stat.pickup.minecraft.gold_nugget":30,"stat.fallOneCm":147976,"stat.crouchOneCm":27454,"stat.mineBlock.minecraft.chest":3,"stat.pickup.minecraft.rail":27,"stat.craftItem.minecraft.iron_ingot":59,"stat.craftItem.minecraft.chest":1,"stat.craftingTableInteraction":34,"stat.pickup.iceandfire.silver_ore":1,"stat.useItem.minecraft.furnace":4,"stat.useItem.minecraft.reeds":2,"stat.pickup.zawa.raw_frog_leg":2,"stat.pickup.minecraft.planks":47,"stat.pickup.minecraft.wheat_seeds":32,"stat.useItem.minecraft.stone_pickaxe":109,"stat.mineBlock.minecraft.glass":6,"stat.useItem.minecraft.stone_sword":132,"stat.craftItem.minecraft.iron_leggings":1,"stat.pickup.zawa.bush_meat_raw":5,"stat.craftItem.minecraft.oak_stairs":72,"stat.mineBlock.minecraft.dirt":208,"stat.useItem.minecraft.bread":5,"stat.useItem.minecraft.torch":38,"stat.drop.tombstone.crafting_ingredient":2,"stat.mineBlock.railcraft.jaded_stone":9,"stat.mineBlock.iceandfire.silver_ore":1,"stat.drop.minecraft.rotten_flesh":4,"stat.useItem.zawa.reptile_meat_raw":1,"stat.pickup.minecraft.crafting_table":2,"stat.useItem.minecraft.log":101,"stat.useItem.minecraft.cobblestone":113,"stat.craftItem.minecraft.crafting_table":5,"stat.mineBlock.minecraft.double_plant":1,"stat.craftItem.minecraft.boat":4,"stat.craftItem.travellersbackpack.sleeping_bag_bottom":1,"stat.mineBlock.minecraft.emerald_ore":13,"stat.pickup.minecraft.log":268,"stat.useItem.zawa.bush_meat_cooked":8,"stat.craftItem.minecraft.gold_ingot":1,"stat.drop.minecraft.planks":2,"stat.drop.minecraft.sapling":7,"stat.mineBlock.zawa.bellflowers":1,"stat.pickup.zawa.bellflowers":1,"stat.drop.minecraft.gold_nugget":3,"stat.pickup.minecraft.sapling":100,"stat.drop.minecraft.bow":2,"stat.drop.dynamictrees.oakseed":1,"stat.mineBlock.iceandfire.goldpile":4,"stat.craftItem.minecraft.planks":664,"stat.useItem.minecraft.iron_sword":125,"stat.craftItem.zawa.cooked_frog_leg":1,"stat.mineBlock.minecraft.log":254,"stat.craftItem.minecraft.wooden_door":3,"stat.mineBlock.minecraft.waterlily":2,"stat.useItem.minecraft.wooden_door":1,"stat.pickup.railcraft.tool_crowbar_iron":1,"stat.pickup.minecraft.red_flower":14,"stat.sneakTime":8286,"stat.pickup.minecraft.wool":7,"stat.mineBlock.railcraft.ore_metal":33,"stat.pickup.railcraft.jaded_stone":9,"stat.pickup.minecraft.yellow_flower":2,"stat.drop.minecraft.grass":1,"stat.craftItem.travellersbackpack.backpack_tank":2,"stat.pickup.minecraft.chest":3,"stat.drop.minecraft.stone_pickaxe":2,"stat.pickup.minecraft.bone":8,"stat.mineBlock.dragonmounts.dragon_egg":2,"stat.mineBlock.minecraft.cobblestone":52,"stat.pickup.minecraft.stone_pickaxe":2,"stat.entityKilledBy.galath":3,"stat.drop.minecraft.mossy_cobblestone":4,"stat.mineBlock.traverse.yellow_autumnal_leaves":1,"stat.craftItem.minecraft.wool":2,"stat.craftItem.zawa.reptile_meat_cooked":1,"stat.swimOneCm":85028,"stat.climbOneCm":3391,"stat.drop.minecraft.cobblestone":1,"stat.drop.minecraft.brown_mushroom":1,"stat.useItem.chococraft.gysahl_green":77,"stat.useItem.minecraft.dirt":175,"stat.useItem.minecraft.stone_slab2":102,"stat.pickup.minecraft.bow":3,"stat.craftItem.minecraft.furnace":5,"stat.useItem.minecraft.red_flower":9,"stat.useItem.zawa.raw_frog_leg":1,"stat.craftItem.minecraft.iron_boots":1,"stat.craftItem.minecraft.stone_pickaxe":2,"stat.pickup.minecraft.cobblestone":203,"stat.flyOneCm":1144789,"stat.drop.minecraft.wheat_seeds":8,"stat.craftItem.minecraft.wooden_slab":72,"stat.mineBlock.minecraft.iron_ore":80,"stat.timeSinceDeath":42963,"stat.pickup.railcraft.quarried_stone":64,"stat.useItem.minecraft.wooden_slab":70,"stat.pickup.minecraft.mutton":11,"stat.pickup.minecraft.mossy_cobblestone":6,"stat.killEntity.seaserpent":1,"stat.drop.minecraft.dirt":13,"stat.useItem.minecraft.cooked_porkchop":13,"stat.mineBlock.minecraft.coal_ore":55,"stat.pickup.zawa.bush_meat_cooked":3,"stat.killEntity.Creeper":3,"stat.talkedToVillager":71,"stat.pickup.iceandfire.sea_serpent_fang":6,"stat.pickup.minecraft.string":5,"stat.pickup.tombstone.crafting_ingredient":5,"stat.craftItem.minecraft.stone_slab2":0,"stat.pickup.railcraft.ore_metal":28,"stat.pickup.zawa.reptile_meat_raw":2,"stat.sprintOneCm":590064,"stat.craftItem.minecraft.stick":52,"stat.pickup.minecraft.grass":3,"stat.mineBlock.minecraft.crafting_table":2,"stat.useItem.minecraft.wooden_shovel":26,"stat.pickup.chococraft.gysahl_green_seeds":146,"stat.entityKilledBy.Creeper":1,"stat.mineBlock.traverse.orange_autumnal_leaves":3,"stat.mineBlock.minecraft.planks":48,"stat.drop":103,"stat.killEntity.Sheep":5,"stat.pickup.minecraft.slime_ball":1,"stat.killEntity.Zombie":23,"stat.craftItem.minecraft.dye":2,"stat.pickup.iceandfire.chared_dirt":9,"stat.diveOneCm":103896,"stat.pickup.minecraft.wheat":8,"stat.mineBlock.minecraft.mossy_cobblestone":7,"stat.entityKilledBy.seaserpent":1,"stat.mineBlock.traverse.red_autumnal_leaves":5,"stat.drop.minecraft.wooden_pickaxe":1,"stat.useItem.railcraft.quarried":54,"stat.craftItem.minecraft.cooked_porkchop":13,"stat.useItem.minecraft.apple":4,"stat.craftItem.travellersbackpack.travellers_backpack":1,"stat.useItem.minecraft.porkchop":12,"stat.useItem.minecraft.rotten_flesh":34,"stat.pickup.minecraft.stone_brick_stairs":1,"stat.jump":4952,"stat.pickup.minecraft.coal":128,"stat.pickup.minecraft.iron_ingot":1,"stat.pickup.minecraft.hopper_minecart":2,"stat.useItem.minecraft.stone_axe":89,"stat.pickup.dragonmounts.dragon_egg":2,"stat.pickup.iceandfire.chared_gravel":1,"stat.craftItem.minecraft.bread":2,"stat.pickup.minecraft.gunpowder":1,"stat.pickup.iceandfire.chared_stone":1,"stat.craftItem.minecraft.torch":32,"stat.pickup.minecraft.dirt":231,"stat.craftItem.minecraft.iron_helmet":1,"stat.useItem.zawa.reptile_meat_cooked":1,"stat.pickup.minecraft.iron_ore":124,"stat.useItem.minecraft.glass":3,"stat.mineBlock.mca.rose_gold_ore":7,"stat.boatOneCm":260541,"stat.useItem.minecraft.sapling":44,"tombstone:sneak_grave":2,"stat.mineBlock.minecraft.glass_pane":2,"stat.drop.zawa.worm":38,"stat.mineBlock.minecraft.stone_stairs":3,"stat.damageTaken":5718,"stat.pickup.minecraft.leather":11,"stat.mineBlock.minecraft.torch":9,"stat.mineBlock.minecraft.furnace":5,"stat.mineBlock.minecraft.red_flower":14,"stat.useItem.minecraft.wooden_pickaxe":27,"stat.mineBlock.minecraft.sapling":1,"stat.pickup.minecraft.reeds":7,"stat.pickup.minecraft.bed":5,"stat.drop.chococraft.gysahl_green":1,"tombstone:undead_killed":36,"stat.pickup.minecraft.oak_stairs":5,"stat.damageDealt":13805,"stat.craftItem.minecraft.glass":19,"stat.pickup.iceandfire.chared_grass":10,"stat.sleepInBed":5,"stat.pickup.chococraft.ability_fruit":9,"stat.pickup.chococraft.gysahl_green":78,"stat.killEntity.Pig":4,"stat.mineBlock.iceandfire.chared_dirt":5,"stat.craftItem.minecraft.iron_sword":1,"stat.pickup.minecraft.boat":1,"stat.walkOneCm":961833,"stat.useItem.minecraft.chest":1,"stat.pickup.minecraft.stick":4,"stat.pickup.railcraft.ingot":3,"stat.useItem.tombstone.gift":2,"stat.pickup.minecraft.stone":17,"stat.craftItem.minecraft.iron_chestplate":1,"stat.drop.minecraft.emerald":2,"stat.pickup.minecraft.ender_pearl":2,"stat.drop.chococraft.gysahl_green_seeds":77,"stat.useItem.iceandfire.chared_grass":4,"stat.killEntity.Skeleton":10,"stat.drop.iceandfire.ash":2,"stat.pickup.iceandfire.sea_serpent_scales_red":1,"stat.killEntity.Spider":4,"stat.mobKills":73,"stat.useItem.minecraft.boat":4,"stat.useItem.minecraft.mossy_cobblestone":1,"stat.pickup.minecraft.diamond":2,"stat.mineBlock.minecraft.leaves":16,"stat.pickup.minecraft.torch":14,"stat.drop.minecraft.arrow":6,"stat.mineBlock.minecraft.stone":121}